,,,,,,Process name,Base Case,"Benzene, at plant","Bituminous coal, at mine","Bituminous coal, combusted in industrial boiler","Crude oil, at production","Crude oil, extracted","Diesel, combusted in industrial boiler","Diesel, combusted in industrial equipment","Electricity, at cogen, for natural gas turbine","Electricity, at Grid, SERC, 2010","Electricity, at Grid, US, 2010","Electricity, bituminous coal, at power plant","Electricity, diesel, at power plant","Electricity, lignite coal, at power plant","Electricity, natural gas, at power plant","Electricity, nuclear, at power plant","Electricity, residual fuel oil, at power plant","Ethylene, materials production, organic compound, at plant, kg","Fuel grade uranium, at regional storage","Gasoline, combusted in equipment","Hydrogen, liquid, synthesis gas, at plant",landfill (film),"Lignite coal, at surface mine","Lignite coal, combusted in industrial boiler","Liquefied petroleum gas, combusted in industrial boiler",Maleic Anhydride,multilayer film production,"Natural gas, at extraction, Barnett Shale, kg","Natural gas, at extraction, coal bed methane, kg","Natural gas, at extraction, conventional offshore, kg","Natural gas, at extraction, conventional onshore associated, kg","Natural gas, at extraction, conventional onshore, kg","Natural gas, at extraction, Marcellus Shale, kg","Natural gas, at extraction, production mixture, to consumer, kg","Natural gas, at processing, conventional, kg","Natural gas, at processing, production mixture, to consumer, kg","Natural gas, at processing, shale, kg","Natural gas, combusted in industrial boiler","Natural gas, combusted in industrial boiler, at hydrocracker, for ethylene","Natural gas, combusted in industrial boiler, at hydrocracker, for pyrolysis gas","Natural gas, combusted in industrial equipment","Natural gas, processed, for energy use, at plant","Natural gas, processed, for material use, at plant","Petroleum refined, for energy use, at plant","Petroleum refined, for material use, at plant","Petroleum refining, at refinery","Petroleum refining, at refinery","Petroleum refining, at refinery","Petroleum refining, at refinery","Petroleum refining, at refinery",POLYAMIDE 6 (Nylon 6) ,"Polyethylene, linear low-density, LLDPE, virgin resin, at plant","Pyrolysis gasoline, at plant","Residual fuel oil, combusted in industrial boiler","Steam, purchased by containerboard mills","Transport, barge, average fuel mix","Transport, barge, diesel powered","Transport, barge, residual fuel oil powered","Transport, combination truck, average fuel mix","Transport, combination truck, diesel powered","Transport, ocean freighter, diesel powered","Transport, ocean freighter, residual fuel oil powered","Transport, pipeline, natural gas","Transport, pipeline, unspecified petroleum products","Transport, train, diesel powered","Wood fuel, unspecified","Wood waste, unspecified, combusted in industrial boiler"
,,,,,,Product name,multilayer film,"Benzene, at plant","Bituminous coal, at mine","Bituminous coal, combusted in industrial boiler","Crude oil, at production","Crude oil, extracted","Diesel, combusted in industrial boiler","Diesel, combusted in industrial equipment","Electricity, at cogen, for natural gas turbine","Electricity, at grid","Electricity, at grid","Electricity, bituminous coal, at power plant","Electricity, diesel, at power plant","Electricity, lignite coal, at power plant","Electricity, natural gas, at power plant","Electricity, nuclear, at power plant","Electricity, residual fuel oil, at power plant","Ethylene, at plant, kg","Fuel grade uranium, at regional storage","Gasoline, combusted in equipment","Hydrogen, liquid, synthesis gas, at plant",multilayer film,"Lignite coal, at surface mine","Lignite coal, combusted in industrial boiler","Liquefied petroleum gas, combusted in industrial boiler",Maleic Anhydride,multilayer film,"Natural gas, at extraction, Barnett Shale, kg","Natural gas, at extraction, coal bed methane, kg","Natural gas, at extraction, conventional offshore, kg","Natural gas, at extraction, conventional onshore associated, kg","Natural gas, at extraction, conventional onshore, kg","Natural gas, at extraction, Marcellus Shale, kg","Natural gas, at extraction, composite, kg","Natural gas, at processing, conventional, kg","Natural gas, at processing, composite, kg","Natural gas, at processing, shale, kg","Natural gas, combusted in industrial boiler","Natural gas, combusted in industrial boiler, at hydrocracker, for ethylene","Natural gas, combusted in industrial boiler, at hydrocracker, for pyrolysis gas","Natural gas, combusted in industrial equipment, 1.357 m3/kg, 52.13 MJ/kg","Natural gas, production mixture, to energy use","Natural gas, production mixture, to material use","Petroleum refined, to energy use, at refinery","Petroleum refined, to material use, at refinery","Diesel, at refinery","Gasoline, at refinery","Liquefied petroleum gas, at refinery","Petroleum refining coproduct, at refinery","Residual fuel oil, at refinery",POLYAMIDE 6 (Nylon 6)  (at plant),"Polyethylene, linear low-density, LLDPE, virgin resin, at plant","Pyrolysis gasoline, at plant","Residual fuel oil, combusted in industrial boiler","Steam, purchased by containerboard mills","Transport, barge, average fuel mix","Transport, barge, diesel powered","Transport, barge, residual fuel oil powered","Transport, combination truck, average fuel mix","Transport, combination truck, diesel powered","Transport, ocean freighter, diesel powered","Transport, ocean freighter, residual fuel oil powered","Transport, pipeline, natural gas","Transport, pipeline, unspecified petroleum products","Transport, train, diesel powered","Wood fuel, unspecified","Wood waste, unspecified, combusted in industrial boiler"
,,,,,,Multi-Output process,false,false,false,false,false,false,false,false,false,false,false,false,false,false,false,false,false,false,false,false,false,false,false,false,false,false,false,false,false,false,false,false,false,false,false,false,false,false,false,false,false,false,false,false,false,false,false,false,false,false,false,false,false,false,false,false,false,false,false,false,false,false,false,false,false,false,false
,,,,,,UUID,6d8875f3-a1e7-4b6b-844d-4bd72fd26844,db548272-c05b-39c4-926e-ba9e10a29195,55b4aeab-0576-3a9b-b476-b561197ec3f2,73cd1596-214d-3403-87f1-f69fc3818886,efeff2cc-8166-3237-b6a5-5fbf2cb1ffe1,67d71d59-8951-30d6-a5c8-2ddbe3cc92de,e04995fa-935b-316c-b112-5b436c8ea3d6,d815ff18-015c-3afb-be18-be03bdf325da,ed1981de-52d1-366c-b629-4abfe56fffd3,06581fb2-1de0-3e78-8298-f37605dea142,06581fb2-1de0-3e78-8298-f37605dea142,737e3efb-29d4-3b9d-8d78-6269508c1f59,1e68baef-0ed7-37bb-9919-61963f9fbd08,a9f6971f-58a0-30b0-af5c-a36d11fe487f,6cb3e4a8-d7e0-3566-ae66-8022182af846,9e321869-bd1f-3c93-8528-8f198de2fa2b,f7d232cc-70aa-3669-a4e4-d1083d248e69,ec1bf0d1-ff71-4960-aa0f-9fc87c14f972,64e4081e-3bbf-3576-ad3e-d760aa93c187,bc38e349-1ccf-3855-a615-a4f581ab875b,3a8cda88-d05e-3a52-82ff-e7aa2caefd0d,11c67dac-0b39-450a-a084-264e8be17fb8,90247271-0884-3a25-af40-be7abccb922c,eb6394c1-0d19-3be3-99ab-ec572dec9926,f77da622-e84d-3639-8917-fcf792aaee13,97b1611d-3ca0-452f-b803-9eb858cf9257,6d8875f3-a1e7-4b6b-844d-4bd72fd26844,43ab3de2-e1a2-4e1a-9613-68e9cbd7aab5,1d674722-7562-4360-8677-93bf36a9a57a,fdfa1dbf-3593-45ff-b0dc-6b3f9d8fa4bd,4398eda3-a9ac-444b-bc90-0e042335fa2f,f1deade7-12b4-45c8-a00f-946a33de6d2c,c3550488-240f-4674-883a-ccf7dbf0ecf3,c1618370-1fc6-45fc-a2cc-2458bc9ddf6a,7445d544-fd68-4cb8-9f75-00428a6b4c98,1a30ee75-215c-47ab-8927-8d15cdf63407,5fad297f-057e-468c-8ae1-bd4ef37514f3,bb1dc159-fe13-3f8e-8197-361e8c770ba3,f179160d-d402-3e37-8d65-93d09f309b99,ea080df3-3823-3f40-89ed-1a45b561230e,9dfc02c2-db7e-3c19-b120-165cab1a22c5,1a34bf95-f897-4af9-b70c-368fce9e41d6,c837f7c6-1f8d-4f62-ade8-4f2a73b41b1a,b022d34e-2838-4494-8a84-9b6aa57e575a,3671e08b-0f5d-423e-9805-3cbd3f7b909a,d939590b-a0d7-310c-8952-9921ed64a078,0e44e579-abb0-3c77-af64-c774d65be529,813325ee-9eb4-3825-9280-bee7b1a2e9a8,5f96ad43-abab-3b62-bcf8-c71f9d6c7881,f7c00d19-9601-373a-ba23-593e251b4dee,503fd2cb-e11f-4e86-ac04-6956a786f3a3,1ca3b8d5-a002-41c1-bdce-8db63ea6291e,f3d6e4c6-0323-3d9f-a843-b741d2a9b982,654a5cf6-185f-3d91-89ef-42442d1825e8,caca451d-e5df-4bf4-91f8-2c4be75af6dc,4069483a-8d94-3b6b-81be-5f0a249b74f4,a1242640-8306-366c-9c55-6dfd23e77bd7,c2cc68fe-1754-3468-a973-51c2f5c82fcd,2afb4e2f-b224-3900-956f-03e3f27b276b,628c07ec-0802-39c1-ab88-1c62848ef436,6c65fc34-c25e-3eb4-bc92-15bbfc457725,735f1d86-f99a-3ffa-adae-176c545744ab,057a281a-908b-3adf-8f51-ed79fe5c5a9b,acbe5bc4-6afd-31aa-bf3f-4a3fdc491945,73c7494d-4e93-3769-896b-8bb82f0dfccc,ba4fbc4f-a9ab-387c-8bdd-9308dc19f404,1a76ed77-b97d-3070-85b7-b1f41906cece
,,,,,,Infrastructure product,false,false,false,false,false,false,false,false,false,false,false,false,false,false,false,false,false,false,false,false,false,false,false,false,false,false,false,false,false,false,false,false,false,false,false,false,false,false,false,false,false,false,false,false,false,false,false,false,false,false,false,false,false,false,false,false,false,false,false,false,false,false,false,false,false,false,false
,,,,,,Process location,,RNA,RNA,RNA,RNA,RNA,RNA,RNA,PY,RNA,RNA,RNA,RNA,RNA,RNA,RNA,RNA,US,RNA,RNA,RNA,,RNA,RNA,RNA,,,US,US,US,US,US,US,US,US,US,US,RNA,RNA,RNA,RNA,,,,,RNA,RNA,RNA,RNA,RNA,,RNA,RNA,RNA,RNA,RNA,RNA,RNA,RNA,RNA,US,US,RNA,RNA,RNA,RNA,RNA
,,,,,,Process category,REMADE (Final),31-33: Manufacturing,"21: Mining, Quarrying, and Oil and Gas Extraction",22: Utilities,"21: Mining, Quarrying, and Oil and Gas Extraction","21: Mining, Quarrying, and Oil and Gas Extraction",22: Utilities,22: Utilities,22: Utilities,22: Utilities,22: Utilities,22: Utilities,22: Utilities,22: Utilities,22: Utilities,22: Utilities,22: Utilities,31-33: Manufacturing,31-33: Manufacturing,22: Utilities,31-33: Manufacturing,REMADE,"21: Mining, Quarrying, and Oil and Gas Extraction",22: Utilities,22: Utilities,REMADE,REMADE,"21: Mining, Quarrying, and Oil and Gas Extraction","21: Mining, Quarrying, and Oil and Gas Extraction","21: Mining, Quarrying, and Oil and Gas Extraction","21: Mining, Quarrying, and Oil and Gas Extraction","21: Mining, Quarrying, and Oil and Gas Extraction","21: Mining, Quarrying, and Oil and Gas Extraction","21: Mining, Quarrying, and Oil and Gas Extraction","21: Mining, Quarrying, and Oil and Gas Extraction","21: Mining, Quarrying, and Oil and Gas Extraction","21: Mining, Quarrying, and Oil and Gas Extraction",22: Utilities,22: Utilities,22: Utilities,22: Utilities,"21: Mining, Quarrying, and Oil and Gas Extraction","21: Mining, Quarrying, and Oil and Gas Extraction",31-33: Manufacturing,31-33: Manufacturing,31-33: Manufacturing,31-33: Manufacturing,31-33: Manufacturing,31-33: Manufacturing,31-33: Manufacturing,REMADE,31-33: Manufacturing,31-33: Manufacturing,22: Utilities,22: Utilities,48-49: Transportation and Warehousing,48-49: Transportation and Warehousing,48-49: Transportation and Warehousing,48-49: Transportation and Warehousing,48-49: Transportation and Warehousing,48-49: Transportation and Warehousing,48-49: Transportation and Warehousing,48-49: Transportation and Warehousing,48-49: Transportation and Warehousing,48-49: Transportation and Warehousing,22: Utilities,22: Utilities
,,,,,,Process sub category,,3251: Basic Chemical Manufacturing,2121: Coal Mining,"2213: Water, Sewage and Other Systems",2111: Oil and Gas Extraction,2111: Oil and Gas Extraction,"2213: Water, Sewage and Other Systems","2213: Water, Sewage and Other Systems","2211: Electric Power Generation, Transmission and Distribution","2211: Electric Power Generation, Transmission and Distribution","2211: Electric Power Generation, Transmission and Distribution","2211: Electric Power Generation, Transmission and Distribution","2211: Electric Power Generation, Transmission and Distribution","2211: Electric Power Generation, Transmission and Distribution","2211: Electric Power Generation, Transmission and Distribution","2211: Electric Power Generation, Transmission and Distribution","2211: Electric Power Generation, Transmission and Distribution",3251: Basic Chemical Manufacturing,3251: Basic Chemical Manufacturing,"2213: Water, Sewage and Other Systems",3251: Basic Chemical Manufacturing,,2121: Coal Mining,"2213: Water, Sewage and Other Systems","2213: Water, Sewage and Other Systems",,,2111: Oil and Gas Extraction,2111: Oil and Gas Extraction,2111: Oil and Gas Extraction,2111: Oil and Gas Extraction,2111: Oil and Gas Extraction,2111: Oil and Gas Extraction,2111: Oil and Gas Extraction,2111: Oil and Gas Extraction,2111: Oil and Gas Extraction,2111: Oil and Gas Extraction,"2213: Water, Sewage and Other Systems","2213: Water, Sewage and Other Systems","2213: Water, Sewage and Other Systems","2213: Water, Sewage and Other Systems",2111: Oil and Gas Extraction,2111: Oil and Gas Extraction,3241: Petroleum and Coal Products Manufacturing,3241: Petroleum and Coal Products Manufacturing,3241: Petroleum and Coal Products Manufacturing,3241: Petroleum and Coal Products Manufacturing,3241: Petroleum and Coal Products Manufacturing,3241: Petroleum and Coal Products Manufacturing,3241: Petroleum and Coal Products Manufacturing,,"3252: Resin, Synthetic Rubber, and Artificial and Synthetic Fibers and Filaments Manufacturing",3251: Basic Chemical Manufacturing,"2213: Water, Sewage and Other Systems","2213: Water, Sewage and Other Systems",4832: Inland Water Transportation,4832: Inland Water Transportation,4832: Inland Water Transportation,4841: General Freight Trucking,4841: General Freight Trucking,"4831: Deep Sea, Coastal, and Great Lakes Water Transportation","4831: Deep Sea, Coastal, and Great Lakes Water Transportation",4862: Pipeline Transportation of Natural Gas,4869: Other Pipeline Transportation,4821: Rail Transportation,"2213: Water, Sewage and Other Systems","2213: Water, Sewage and Other Systems"
,,,,,,Product/Service unit,,,,,,,,,,,,,,,,,,,,,,,,,,,,,,,,,,,,,,,,,,,,,,,,,,,,,,,,,,,,,,,,,,,
UUID,Category,Sub category,Elementary flowname,Elementary flow location,Unit,,,,,,,,,,,,,,,,,,,,,,,,,,,,,,,,,,,,,,,,,,,,,,,,,,,,,,,,,,,,,,,,,,,,
0c56aee4-7e22-3e85-8e83-34829f3e8304,emission,air,"1,1,1-Trichloroethane",,kg,,,,,0.00000001,,,,,,,,,,,,,,,,,,,,0.00000001,,,,,,,,,,,,,,,,,,,,,,,,,,,,,,,,,,,,,,,,,,,
c2d517e6-4c5d-3002-8a0d-54434c5a3bae,emission,air,"1,2-Dichloroethane",,kg,,,,,0.00000002,,,,,,,,,,,,,,,,,,,,0.00000002,,,,,,,,,,,,,,,,,,,,,,,,,,,,,,,,,,,,,,,,,,,
457411b2-4dac-3eb2-965d-97b60660afa2,emission,air,"1,3-Butadiene",,kg,,,,,,,,,6.4984E-07,,,,,,,,,,,,5.8565E-07,,,,,,,,,,,,,,,,,,,,,7.0257E-09,,,,,,,,,,,,,,,,,,,,,,,,,,
1f799425-898b-34ee-9bff-250472b98b2e,emission,water,"1,3-Butadiene",,kg,,,,,,,,,,,,,,,,,,,0.000001,,,,,,,,,,,,,,,,,,,,,,,,,,,,,,,,,,,,,,,,,,,,,,,,,
ad64464c-1ff3-36e2-b7cd-8e404a62f7f2,emission,air,1-Butene,,kg,,,,,,,,,,,,,,,,,,,,,,,,,,,,,,,,,,,,,,,,,,,,,,,,,,,,,0.00001,,,,,,,,,,,,,,,
f5a30284-67a4-3a99-83ee-b7a486a2d196,emission,air,1-Hexene,,kg,,,,,,,,,,,,,,,,,,,,,,,,,,,,,,,,,,,,,,,,,,,,,,,,,,,,,0.00001,,,,,,,,,,,,,,,
47c8b76f-f52e-3f52-bccf-19eb92a9fd54,emission,water,1-Methylfluorene,,kg,,,,,,4.05E-10,5.182E-12,,,,,,,,,,,,,,,,,,,,,,,,,,,,,,,,,,,,,,,,,,,,,,,,,,,,,,,,,,,,,
837fe205-9c25-3550-84bc-3f5285f9a25d,emission,air,1-Octene,,kg,,,,,,,,,,,,,,,,,,,,,,,,,,,,,,,,,,,,,,,,,,,,,,,,,,,,,0.000001,,,,,,,,,,,,,,,
ceb19cad-78ed-3635-902c-d7ac03e5b830,emission,air,"2,3,7,8-Tetrachlorodibenzo-p-dioxin",,kg,,,,,,,,1.662E-12,,,,,1.7365E-13,5.5279E-13,,,,4.7183E-13,,,,,,,,,,,,,,,,,,,,,,,,,,,,,,,,,,,,,1.7914E-12,,,,,,,,,,,,,1.50298E-08
c979ddf8-5576-36eb-bc76-040e01f99cc6,emission,water,"2,4-Dimethylphenol",,kg,,,,,,9.96E-08,6.203E-09,,,,,,,,,,,,,,,,,,,,,,,,,,,,,,,,,,,,,,,,,,,,,,,,,,,,,,,,,,,,,
7fdbc046-29ad-3377-a9c1-a45031e0cd53,emission,air,"2,4-Dinitrotoluene",,kg,,,,,1.4E-10,,,,,,,,,,,,,,,,,,,,1.4E-10,,,,,,,,,,,,,,,,,,,,,,,,,,,,,,,,,,,,,,,,,,,
bc661fdc-7c3a-3ce3-81dd-7c3ac1f859a8,air,stratosphere,2-Chloroacetophenone,,kg,,,,,3.5E-09,,,,,,,,,,,,,,,,,,,,3.5E-09,,,,,,,,,,,,,,,,,,,,,,,,,,,,,,,,,,,,,,,,,,,
f7cebd38-4cdb-39ba-aa58-b9970b32743c,emission,water,2-Hexanone,,kg,,,,,,2.32E-08,1.446E-09,,,,,,,,,,,,,,,,,,,,,,,,,,,,,,,,,,,,,,,,,,,,,,,,,,,,,,,,,,,,,
92c83b8e-2ed2-31af-a119-b29023aa3798,emission,air,2-Methylbutane,,kg,,,,,,,,,,,,,,,,,,,,,,,,,,,,,,,,,,,,,,,,,,,,,,,,,,,,,0.000001,,,,,,,,,,,,,,,
8ec9de49-e009-3d2f-bc58-502fb0da5a3f,emission,water,2-Methylnaphthalene,,kg,,,,,,5.63E-08,3.308E-09,,,,,,,,,,,,,,,,,,,,,,,,,,,,,,,,,,,,,,,,,,,,,,,,,,,,,,,,,,,,,
5131a370-a6cf-3a72-8756-6aa30666e3f7,emission,air,2-Methylpentane,,kg,,,,,,,,,,,,,,,,,,,,,,,,,,,,,,,,,,,,,,,,,,,,,,,,,,,,,0.00001,,,,,,,,,,,,,,,
e938bd59-d414-3da4-b524-a13c18a50706,emission,water,3-Methylcholanthrene,,kg,,,,,,,,,,,,,,,,,,,0.000000001,,,,,,,,,,,,,,,,,,,,,,,,,,,,,,,,,,,,,,,,,,,,,,,,,
647cac25-44c0-35e5-88c8-8935f2660071,emission,air,5-Methylchrysene,,kg,,,,,1.1E-11,,,,,,,,4.8604E-12,,8.6026E-12,,,,,,,,,,1.1E-11,,,,,,,,,,,,,,,,,,,,,,,,,,,,,,,,,,,,,,,,,,,
a1786d5d-c7f9-3cb2-9879-cf0325b72658,emission,water,"7,12-Dimethylbenz[a]anthracene",,kg,,,,,,,,,,,,,,,,,,,0.00000001,,,,,,,,,,,,,,,,,,,,,,,,,,,,,,,,,,,,,,,,,,,,,,,,,
43aed9d7-5a9b-3f3e-8d51-cc8bebd9a9a1,emission,air,Acenaphthene,,kg,,,,,2.55E-10,,,,,,,,1.1267E-10,,1.9942E-10,,,,,,,,,,2.55E-10,,,,,,,,,,,,,,,,,,,,,,,,,,,,,,,,,,,,,,,,,,,
34b07e52-3833-3665-aeec-01aed3f78362,emission,air,Acenaphthylene,,kg,,,,,1.25E-10,,,,,,,,5.5232E-11,,9.7757E-11,,,,,,,,,,1.25E-10,,,,,,,,,,,,,,,,,,,,,,,,,,,,,,,,,,,,,,,,,,,
09dc3fe9-7e57-321f-9e04-34375bf2a0b7,emission,air,Acetaldehyde,,kg,,,,,0.000000285,,,,0.000012747,,,,,,,,,,,,0.000011488,,,,0.000000285,,,,,,,,,,,,,,,,,6.5355E-07,,,,,,,,,,,,,,,,,,,,,,,,,,0.00000747
031590c9-2a66-3ecc-8f20-613e5fe40c1a,emission,water,Acetone,,kg,,,,,,3.55E-08,4.553E-10,,,,,,,,,,,,,,,,,,,,,,,,,,,,,,,,,,,,,,,,,,,,,,,1E-11,,,,,,,,,,,,,,
8384736f-93e4-3edc-af93-47bdc7ef9fc7,emission,air,Acetophenone,,kg,,,,,7.5E-09,,,,,,,,,,,,,,,,,,,,7.5E-09,,,,,,,,,,,,,,,,,,,,,,,,,,,,,,,,,,,,,,,,,,,
ba9cee15-a144-3c38-9a3b-36931d4e64e9,emission,air,Acrolein,,kg,,,,,7.4696E-08,,,,1.5373E-06,,,,6.4069E-08,,1.134E-07,,,,,,1.3855E-06,,,,7.4696E-08,,,,,,,,,,,,,,,,,1.0457E-07,,,,,,,,,,,,,,,,,,,,,,,,,,0.000036
fe676e41-1df5-3f0f-9006-ca7e0ab442db,Resource,air,Air,,kg,,,,,,,,,,,,,,,,,,,,,,,,,,,-80798.4,,,,,,,,,,,,,,,,,,,,,,,,,-1.4,,,,,,,,,,,,,,,,
362f59ba-5bb1-3a44-aaa1-ce7a3e60d0e2,emission,air,Aldehydes,,kg,,,,,,,,,,,,,,,,,,,,0.00212,,,,,,,,,,,,,,,,,,,,,,,,,,,,,,,,,,,,,,,,,,,,,,,,
9a36d2c5-a47d-3020-9dd2-00b6713b2e0c,emission,air,"Aldehydes, unspecified",,kg,,,,,,,,,,,,,2.0988E-07,,3.7148E-07,,,,,,,,,,,,,,,,,,,,,,,,,,,,,,,,,,,,,,0.0000001,,,,,,,,,,,,,,,
d961f86b-e36b-4ac6-8cd4-b253e496de79,Emission to air,high population density,"Aldehydes, unspecified",,kg,,,,,,,,,,,,,,,,,,,,,,,,,,,,,,,,,,,,,,,,,,,,,,,,,,,,0.000024,,,,,,,,,,,,,,,,
2b8613fe-c7db-355d-9754-baebbc92512f,emission,water,Aluminum,,kg,,,,,,0.000319,0.00002102,,,,,,,,,,,,,4.54,,,,,,,,,,,,,,,,,,,,,,,,,,,,,,,,,0.00000038,,,,,,,,,,,,,,,
65b5d5dd-95b5-36b2-8cb0-7c5501ff1e32,emission,air,Ammonia,,kg,,,,,,,,,,,,,,,,,,,0.000001,0.167,,,,,,,,,,,,,,,,,,,,,,,,,,,7.82752E-07,1.50719E-06,9.51609E-08,1.8424E-07,1.74939E-07,,,,,,,,,,,,,,,,,
2d117fdd-370d-331c-b07c-b0172c4a10ef,emission,water,Ammonia,,kg,,,,,,0.0000532,0.000002779,,,,,,,,,,,,0.000001,0.108,,,,,,,,,,,,,,,,,,,,,,,,,,,3.35886E-06,6.46749E-06,4.08344E-07,7.9059E-07,7.50677E-07,,0.00000001,,,,,,,,,,,,,,,
9990b51b-7023-4700-bca0-1a32ef921f74,Emission to air,high population density,Ammonia,,kg,,,,,,,,,,,,,,,,,,,,,,,,,,,,,,,,,,,,,,,,,,,,,,,,,,,,0.00018,,,,,,,,,,,,,,,,
d9134087-d959-37a7-b2b0-6c8a620f4c4d,emission,water,Ammonium,,kg,,,,,,,,,,,,,,,,,,,,0.124,,,,,,,,,,,,,,,,,,,,,,,,,,,,,,,,,,,,,,,,,,,,,,,,
cf3a10a8-cc6a-3bf5-ada3-b2626091ed50,emission,air,Ammonium chloride,,kg,,,,,,,,,,,,,,,,,,,,0.578,,,,,,,,,,,,,,,,,,,,,,,,,,,,,,,,,,,,,,,,,,,,,,,,
fb005c47-7b90-41f3-a5ca-f0eb11db354a,Emission to water,unspecified,"Ammonium, ion",,kg,,,,,,,,,,,,,,,,,,,,,,,,,,,,,,,,,,,,,,,,,,,,,,,,,,,,0.00052,,,,,,,,,,,,,,,,
5aaca76f-ed8b-3dc6-9cb3-597421c567ac,emission,air,Anthracene,,kg,,,,,1.05E-10,,,,,,,,4.6395E-11,,8.2116E-11,,,,,,,,,,1.05E-10,,,,,,,,,,,,,,,,,,,,,,,,,,,,,,,,,,,,,,,,,,,
9de688f4-2302-3557-b50c-0f1d304977f4,emission,air,Antimony,,kg,,,,,0.000000009,,,,,,,,3.9767E-09,,7.0385E-09,,,,,,,,,,0.000000009,,,,,,,,,,,,,,,,,,,,,,4.4584E-10,8.58466E-10,5.42017E-11,1.04939E-10,9.96415E-11,,,,,,,,,,,,,,,,,7.11E-08
dde20124-511b-3e0d-8834-5ddd88e15cba,emission,water,Antimony,,kg,,,,,,0.000000199,1.316E-08,,,,,,,,,,,,,,,,,,,,,,,,,,,,,,,,,,,,,,,,,,,,,,,,,,,,,,,,,,,,,
2b16d0b5-4713-3bb8-be5b-905382f0e8a8,emission,air,Arsenic,,kg,,,,,1.5756E-07,,,6.648E-08,,,,,9.0581E-08,5.2609E-08,1.6032E-07,9.5562E-10,,4.166E-08,,,,,,,1.5756E-07,,,,,,,,,,,,,,3.2037E-09,3.2037E-09,3.2037E-09,,,,,,5.6255E-11,1.08319E-10,6.83905E-12,1.3241E-11,1.25725E-11,,,,1.5817E-07,,,,,,,,,,,,,0.000000198
e3bcc418-eca5-39a0-a128-e2716b806624,emission,water,Arsenic(V),,kg,,,,,,0.000000983,4.643E-08,,,,,,,,,,,,,0.00377,,,,,,,,,,,,,,,,,,,,,,,,,,,,,,,,,,,,,,,,,,,,,,,,
2c5aef1c-7cf7-30ee-8a87-ba4682327767,emission,air,Barium,,kg,,,,,,,,,,,,,,,,,,,,,,,,,,,,,,0.00356,,,,,,,,,,,,,,,,,,,,,,,,,,,,,,,,,,,,,,
a1e9b66c-ac46-35e8-bba3-318f6556a90f,emission,water,Barium,,kg,,,,,,0.00436,0.0002846,,,,,,,,,,,,,,,,,,,,,,,,,,,,,,,,,,,,,,,,,,,,,,,,,,,,,,,,,,,,,
ba97642d-9c4d-3fd0-8374-cd4ea433b9ef,Resource,unspecified,"Baryte, resource correction",,kg,,,,,,,,,,,,,,,,,,,,,,,,,,,,,,,,,,,,,,,,,,,,,,,,,,,,-0.000092,,,,,,,,,,,,,,,,
248c35a7-7964-3f7b-aff8-9f29e983835e,emission,air,Benz[a]anthracene,,kg,,,,,4E-11,,,,,,,,1.7674E-11,,3.1282E-11,,,,,,,,,,4E-11,,,,,,,,,,,,,,,,,,,,,,,,,,,,,,,,,,,,,,,,,,,
565c5d1a-1e0e-35f3-82a0-4845c43d3dcf,emission,air,Benzene,,kg,,,,,0.000047668,,,,0.000015506,,,,2.8721E-07,8.529E-09,5.0834E-07,1.0034E-08,,6.754E-09,,,0.000013975,,,,0.000047668,,,,,,,,,,,,,,3.3639E-08,3.3639E-08,3.3639E-08,1.9607E-07,,,,,2.35342E-07,4.53151E-07,2.8611E-08,5.53935E-08,5.2597E-08,,,,2.5643E-08,,,,,,,,,,,,,0.0000378
67999cea-e58a-3044-95a9-4b45269260fd,emission,water,Benzene,,kg,,,0.000000001,,,0.00000596,2.612E-07,,,,,,,,,,,,0.00001,,,,,,,,,,,,,,,,,,,,,,,,,,,,,,,,,,,0.00000001,,,,,,,,,,,,,,
1bb6a502-3ff9-4a79-835c-5588b855f1f5,Emission to air,high population density,Benzene,,kg,,,,,,,,,,,,,,,,,,,,,,,,,,,,,,,,,,,,,,,,,,,,,,,,,,,,0.000002,,,,,,,,,,,,,,,,
6e1d6c76-51e8-3719-92a2-aaabf23f3405,emission,water,"Benzene, pentamethyl-",,kg,,,,,,2.66E-10,3.413E-12,,,,,,,,,,,,,,,,,,,,,,,,,,,,,,,,,,,,,,,,,,,,,,,,,,,,,,,,,,,,,
6187175f-c6b5-313b-9128-f3a0a1ccd2c5,emission,water,"Benzenes, alkylated, unspecified",,kg,,,,,,0.000000175,4.293E-08,,,,,,,,,,,,,,,,,,,,,,,,,,,,,,,,,,,,,,,,,,,,,,,,,,,,,,,,,,,,,
76bd7eb9-a592-319f-9234-9a469de5bd59,emission,air,Benzo[a]pyrene,,kg,,,,,1.9E-11,,,,,,,,8.3953E-12,,1.4859E-11,,,,,,,,,,1.9E-11,,,,,,,,,,,,,,,,,,,,,,,,,,,,,,,,,,,,,,,,,,,
c19f72d2-41a0-3218-ba4f-61fa392accd6,emission,air,Benzo[ghi]perylene,,kg,,,,,1.35E-11,,,,,,,,5.9651E-12,,1.0558E-11,,,,,,,,,,1.35E-11,,,,,,,,,,,,,,,,,,,,,,,,,,,,,,,,,,,,,,,,,,,
24cfa2d1-ba72-371f-9d3f-cc121bc063f1,emission,air,Benzofluoranthene,,kg,,,,,5.5E-11,,,,,,,,2.4302E-11,,4.3013E-11,,,,,,,,,,5.5E-11,,,,,,,,,,,,,,,,,,,,,,,,,,,,,,,,,,,,,,,,,,,
919666cc-3aa4-3706-b883-2d25484d4532,emission,water,Benzoic acid,,kg,,,,,,0.00000361,2.246E-07,,,,,,,,,,,,,,,,,,,,,,,,,,,,,,,,,,,,,,,,,,,,,,,,,,,,,,,,,,,,,
f0616d3c-8ad2-364a-aaae-42f0651f32e8,emission,air,Benzyl chloride,,kg,,,,,0.00000035,,,,,,,,,,,,,,,,,,,,0.00000035,,,,,,,,,,,,,,,,,,,,,,,,,,,,,,,,,,,,,,,,,,,
0346d063-4db1-3f52-a695-892c4c98d443,emission,air,Beryllium,,kg,,,,,7.7597E-09,,,4.986E-08,,,,,4.6395E-09,1.108E-09,8.2116E-09,5.7337E-11,,8.7739E-10,,,,,,,7.7597E-09,,,,,,,,,,,,,,1.9222E-10,1.9222E-10,1.9222E-10,,,,,,,,,,,,,,3.3312E-09,,,,,,,,,,,,,9.9E-09
c00fa432-1dcc-3bf3-870f-4043c05cc887,emission,water,Beryllium,,kg,,,,,,5.52E-08,2.87E-09,,,,,,,,,,,,,,,,,,,,,,,,,,,,,,,,,,,,,,,,,,,,,,,,,,,,,,,,,,,,,
869b1948-3e39-3b70-a244-f4f543cbf690,saline water body,ocean,Bicarbonate,,kg,,,,,,,,,,,,,,,,,,,,,,,,,,,,,,0.0252,,,,,,,,,,,,,,,,,,,,,,,,,,,,,,,,,,,,,,
27b840cc-1f41-3943-8ea8-6d68b44b7f81,emission,water,Biological Oxygen Demand,,kg,,,0.000467253,,,0.000619,0.0000253,,,,,,,,,,,,0.0000039,,,,,,,,,,,,0.000985,,,,,,,,,,,,,,,,7.42484E-06,1.42965E-05,9.02654E-07,1.74762E-06,1.65939E-06,,0.0000026,3.4867E-07,,,,,,,,,,,,,,0.0175
3889aaab-df67-4574-89cd-75ca586cdf1f,Resource,biotic,Biomass,,kg,,,,,,,,,,,,,,,,,,,,,,,,,,,,,,,,,,,,,,,,,,,,,,,,,,,,-0.014,,,,,,,,,,,,,,,,
52e6476c-bc9d-3aa2-bfb8-6597393b87d1,emission,air,Biphenyl,,kg,,,,,8.5E-10,,,,,,,,3.7558E-10,,6.6475E-10,,,,,,,,,,8.5E-10,,,,,,,,,,,,,,,,,,,,,,,,,,,,0.000001,,,,,,,,,,,,,,,
1e9fb400-240f-31cf-8074-00580c0207a3,emission,water,Biphenyl,,kg,,,,,,1.13E-08,2.78E-09,,,,,,,,,,,,0.000001,,,,,,,,,,,,,,,,,,,,,,,,,,,,,,,,,,,,,,,,,,,,,,,,,
91955aba-6ebc-4413-9342-f0298860b4aa,Emission to water,unspecified,"BOD5, Biological Oxygen Demand",,kg,,,,,,,,,,,,,,,,,,,,,,,,,,,,,,,,,,,,,,,,,,,,,,,,,,,,0.00056,,,,,,,,,,,,,,,,
57152560-592a-383f-89b1-a77d7d432ad8,emission,water,Boron,,kg,,,,,,0.0000112,6.913E-07,,,,,,,,,,,,,,,,,,,,,,,,,0.0000019,0.0000019,,,,,,,,,,,,,,,,,,,0.00062,,,,,,,,,,,,,,,,
7d2d94b8-a7a3-3670-b74d-1fc75b7ed55e,emission,water,Bromide,,kg,,,,,,0.000762,0.00003113,,,,,,,,,,,,,,,,,,,,,,,,,,,,,,,,,,,,,,,,,,,,,,,,,,,,,,,,,,,,,
d5a296be-7219-3921-a430-cff172ac7911,emission,air,Cadmium,,kg,,,,,4.4278E-08,,,4.986E-08,,,,,1.1267E-08,1.5862E-08,1.9942E-08,5.2559E-09,,1.2561E-08,,,,,,,4.4278E-08,,,,,,,,,,,,,,1.762E-08,1.762E-08,1.762E-08,,,,,,,,,,,,,,4.7691E-08,,,,,,,,,,,,,3.69E-08
c3ff0a51-912f-3024-ad17-f52074cfd989,emission,water,Cadmium(II),,kg,,,,,,0.000000145,7.107E-09,,,,,,,,,,,,,0.00189,,,,,,,,,,,,,,,,,,,,,,,,,,,,,,,,,,,,,,,,,,,,,,,,
5408dd06-70db-3ce6-b304-c391983fd003,emission,water,Calcium,,kg,,,,,,,,,,,,,,,,,,,,,,,,,,,,,0.000203,0.000616,,,,0.000203,,,,,,,,,,,,,,,,,,0.000048,,,,,,,,,,,,,,,,
b2466693-6cf5-3100-be3c-8fbc5d971d8f,ground,subterranean,Calcium sulfate,,kg,,,,,,,,,,,,,,,,,,,,,,,,,,,,,,,,,,,,,,,,,,,,,,,,,,,,-0.000009,,,,,,,,,,,,,,,,
00be59d0-ecd7-35ff-86e6-9bd2a790f0c6,emission,water,Calcium(II),,kg,,,,,,0.0114,0.0005012,,,,,,,,,,,,,0.0768,,,,,,,,,,,,,,,,,,,,,,,,,,,,,,,,,,,,,,,,,,,,,,,,
b6f010fb-a764-3063-af2d-bcb8309a97b7,emission,air,Carbon dioxide,,kg,,,0.04521,,2.634,,0.0011,2.727,2.701,,,,0.99407,0.97897,1.088,0.58466,,0.80464,0.64,29.4,2.085,8,,,2.3,1.724,,,0.0863,0.112,0.105,0.112,0.112,0.0863,,0.09468,,0.1,1.96,4.568453132,6.856873586,1.962,,,,,5.50071E-05,0.000105916,6.68734E-06,1.29473E-05,1.22936E-05,,0.011,,3.262,,,0.028149,0.028712,,0.079876,0.014395,0.01598,0.000138469,,0.018949,,1.755
643975a8-03da-44bb-873f-4fe8e7740fe6,Emission to air,high population density,Carbon dioxide,,kg,,,,,,,,,,,,,,,,,,,,,,,0.00002,,,,5664,,,,,,,,,,,,,,,,,,,,,,,,,1.1,,,,,,,,,,,,,,,,
5fe16b97-3332-38eb-8030-b62db19473eb,emission,air,Carbon disulfide,,kg,,,,,0.000000065,,,,,,,,,,,,,,,,,,,,0.000000065,,,,,,,,,,,,,,,,,,,,,,,,,,,,,,,,,,,,,,,,,,,
187c525c-3715-388c-b303-a0671524a615,emission,air,Carbon monoxide,,kg,,,0.00001,,0.0028911,,,0.00060031,0.014029,,,,0.0001097,0.00021551,0.000097757,0.00040141,,0.00015766,0.00026,0.466,0.13535,0.0069,,,0.00040495,0.00044339,,,0.000222,0.000296,0.0000246,0.000281,0.000281,0.000222,,0.00009342,,0.00009692,0.0013457,0.00039,0.003008311,0.00024557,,,,,9.28261E-05,0.000178737,1.12851E-05,2.18489E-05,2.07459E-05,,0.000061,0.000001,0.00063922,,,0.000035254,0.000034965,,0.00012696,0.000039652,0.000042797,,,0.00004912,,0.0054
620bc2f6-cf71-4dde-bba9-c6e8fdec5e23,Emission to air,high population density,Carbon monoxide,,kg,,,,,,,,,,,,,,,,,,,,,,,,,,,,,,,,,,,,,,,,,,,,,,,,,,,,0.0056,,,,,,,,,,,,,,,,
3fb21335-87be-3726-b31a-8fc9e98ad9cc,troposphere,rural,Carbon monoxide,,kg,,,,,,,,,,,,,,,,,,,,,,,,,,,,,,,,,,,,,,,,,,,,,,,,,,,,,,,,,,,,,,,,,,,0.0002,
f7467352-e7d9-3924-b763-f26bb26ce4cc,emission,air,Carbon tetrachloride,,kg,,,,,,,,,,,,,,,,,,,,,,,,,,,,,,,,,,,,,,,,,,,,,,,2.98078E-10,5.73951E-10,3.62381E-11,7.01601E-11,6.66181E-11,,,,,,,,,,,,,,,,,0.000000405
6cf31d03-c6c7-4a8f-9abb-31e89c7d1804,Emission to air,high population density,"Carbon, organic bound",,kg,,,,,,,,,,,,,,,,,,,,,,,,,,,,,,,,,,,,,,,,,,,,,,,,,,,,0.00039,,,,,,,,,,,,,,,,
721121c7-a4c7-3fc1-bbc4-7fbaecc2fbe2,emission,water,Carbonate,,kg,,,,,,,,,,,,,,,,,,,,,,,,,,,,,,,,,,,,,,,,,,,,,,,,,,,,0.00012,,,,,,,,,,,,,,,,
c70f1e1d-017a-3aa4-9614-fa723adbf49d,emission,air,CFC-13,,kg,,,,,,,,,,,,,,,,,,,,,,,,,,,,,,,,,,,,,,,,,,,,,,,4.76926E-09,9.18321E-09,5.79809E-10,1.12256E-09,1.06589E-09,,,,,,,,,,,,,,,,,
924cc8cf-ddf6-3b1a-9fbe-489c095c1f01,emission,water,Chemical Oxygen Demand,,kg,,,0.00108124,,,0.00102,0.0000418,,,,,,,,,,,,0.0004,,,,,,,,,,,,,,,,,,,,,,,,,,,,5.09548E-05,9.81136E-05,6.19468E-06,1.19935E-05,1.1388E-05,,0.00000074,0.00001,,,,,,,,,,,,,,
f25fdf2c-716f-3a3d-a3f8-86d94ab82d89,Waste,unspecified,"Chemical waste, inert",,kg,,,,,,,,,,,,,,,,,,,,,,,,,,,,,,,,,,,,,,,,,,,,,,,,,,,,0.0026,,,,,,,,,,,,,,,,
36d26020-74dd-3bf9-9ef6-55da78d1e430,Waste,unspecified,"Chemical waste, regulated",,kg,,,,,,,,,,,,,,,,,,,,,,,,,,,,,,,,,,,,,,,,,,,,,,,,,,,,0.019,,,,,,,,,,,,,,,,
3811e08a-d742-32a5-b2a2-6508ef1417ff,Waste,unspecified,"Chemical waste, unspecified",,kg,,,,,,,,,,,,,,,,,,,,,,,,,,,,,,,,,,,,,,,,,,,,,,,,,,,,0.0011,,,,,,,,,,,,,,,,
fa84fbb8-4be1-37f3-ac91-db650ab1511b,emission,water,Chlorate,,kg,,,,,,,,,,,,,,,,,,,,,,,,,,,,,,,,,,,,,,,,,,,,,,,,,,,,0.000015,,,,,,,,,,,,,,,,
b415204e-1506-3fc6-8e4b-97f8e64403b8,emission,water,Chloride,,kg,,,,,,0.128,0.006074,7.1124E-09,,,,,,2.3656E-09,,,,2.0981E-09,,0.797,,,,,,,,,0.00205,0.0124,,0.000375,0.000375,0.00205,,,,,,,,,,,,,,,,,,0.0027,,,8.5811E-09,,,,,,,,,,,,,
c4da1480-4f19-3d01-8f04-8432c38991b1,emission,air,Chlorine,,kg,,,0.0000001,,,,,,,,,,,,,,,,0.00000001,,,,,,,,,,,,,,,,,,,,,,,,,,,,,,,,,,0.00000001,0.0000001,,,,,,,,,,,,,,0.00000711
0fe64d97-61d5-3366-9778-8c39d00edd73,emission,air,Chlorobenzene,,kg,,,,,0.000000011,,,,,,,,,,,,,,,,,,,,0.000000011,,,,,,,,,,,,,,,,,,,,,,,,,,,,,,,,,,,,,,,,,,,
a48770cd-a7a2-3e86-9e1b-083d68ba4351,emission,air,Chloroethane,,kg,,,,,0.000000021,,,,,,,,,,,,,,,,,,,,0.000000021,,,,,,,,,,,,,,,,,,,,,,,,,,,,,,,,,,,,,,,,,,,
9fc17701-9417-3281-b9a3-d7ab3ecc1c57,emission,air,Chloroform,,kg,,,,,2.95E-08,,,,,,,,,,,,,,,,,,,,2.95E-08,,,,,,,,,,,,,,,,,,,,,,,,,,,,,,,,,,,,,,,,,,,
3e771661-38c3-332b-b4cb-8e2421b045ce,emission,air,Chloromethane,,kg,,,,,0.000000265,,,,,,,,,,,,,,,,,,,,0.000000265,,,,,,,,,,,,,,,,,,,,,,,,,,,,,,,,,,,,,,,,,,,
57facb29-666b-34eb-96a3-670f6d995798,emission,water,Chloromethane,,kg,,,,,,1.43E-10,1.833E-12,,,,,,,,,,,,,,,,,,,,,,,,,,,,,,,,,,,,,,,,,,,,,,,,,,,,,,,,,,,,,
98bd36e1-fbe4-32ee-ba78-3b6726917c9b,emission,air,Chromium,,kg,,,,,9.9038E-08,,,4.986E-08,,,,,5.7441E-08,3.3677E-08,1.0167E-07,6.6894E-09,,2.6669E-08,,,,,,,9.9038E-08,,,,,,,,,,,,,,2.2426E-08,2.2426E-08,2.2426E-08,,,,,,1.4782E-10,2.84628E-10,1.79708E-11,3.47931E-11,3.30366E-11,,,,1.0125E-07,,,,,,,,,,,,,0.000000189
8a7ef355-2f16-3368-afc8-cf40ed441619,emission,water,Chromium,,kg,,,,,,0.0000085,5.616E-07,,,,,,,,,,,,,,,,,,,,,,,,,,,,,,,,,,,,,,,,6.66491E-10,1.28333E-09,8.10268E-11,1.56875E-10,1.48955E-10,,0.000000001,,,,,,,,,,,,,,,
ac249128-5489-3eb8-bfb8-61c0b93d2e07,emission,air,Chromium(VI),,kg,,,,,3.95E-08,,,,,,,,1.7453E-08,,3.0891E-08,,,,,,,,,,3.95E-08,,,,,,,,,,,,,,,,,,,,,,,,,,,,,,,,,,,,,,,,,,,
993fb955-f686-37f7-96e1-22b8c2a35ced,emission,air,Chrysene,,kg,,,,,5E-11,,,,,,,,2.2093E-11,,3.9103E-11,,,,,,,,,,5E-11,,,,,,,,,,,,,,,,,,,,,,,,,,,,,,,,,,,,,,,,,,,
f278e215-32a3-42a7-85c2-3d6ccad89b83,Resource,biotic,"Clay, bentonite",,kg,,,,,,,,,,,,,,,,,,,,,,,,,,,,,,,,,,,,,,,,,,,,,,,,,,,,-0.000094,,,,,,,,,,,,,,,,
e1529a04-8d05-3502-a65d-4c810ceeaa53,ground,subterranean,"Coal, bituminous",,MJ,,,,,,,,,,,,,,,,,,,,,,,,,,,,,,,,,,,,,,,,,,,,,,,,,,,,,,,,,,,,,,,,,,,-0.008448,
e344d353-61b8-3be6-a2a5-fd5ee93d8a89,Resource,ground,"Coal, bituminous",,MJ,,,,-27.248,,,,,,,,,,,,,,,,,,,,,,,,,,,,,,,,,,,,,,,,,,,,,,,,,,,,,,,,,,,,,,,,
de2f54e4-dbbe-3850-a341-c6d921dbfdec,Resource,ground,"Coal, lignite",,MJ,,,,,,,,,,,,,,,,,,,,,,,,-14.0056,,,,,,,,,,,,,,,,,,,,,,,,,,,,,,,,,,,,,,,,,,,,
e0d81f05-0407-3fc9-9f11-e2d22a6edebd,emission,air,Cobalt,,kg,,,,,0.00000005,,,,,,,,2.2093E-08,2.3993E-07,3.9103E-08,4.0136E-10,,0.00000019,,,,,,,0.00000005,,,,,,,,,,,,,,1.3456E-09,1.3456E-09,1.3456E-09,,,,,,,,,,,,,,7.2136E-07,,,,,,,,,,,,,5.85E-08
7cbf7556-2b17-3cc2-97cf-5c9e24e50d65,emission,water,Cobalt,,kg,,,,,,7.88E-08,4.904E-09,,,,,,,,,,,,,,,,,,,,,,,,,,,,,,,,,,,,,,,,,,,,,,,,,,,,,,,,,,,,,
961ccd56-2eee-4f57-bb18-fc4362b49000,Emission to water,unspecified,"COD, Chemical Oxygen Demand",,kg,,,,,,,,,,,,,,,,,,,,,,,,,,,,,,,,,,,,,,,,,,,,,,,,,,,,0.0036,,,,,,,,,,,,,,,,
1531f168-fb3e-3f1c-a86b-b77cf607b4da,Waste,unspecified,Construction waste,,kg,,,,,,,,,,,,,,,,,,,,,,,,,,,,,,,,,,,,,,,,,,,,,,,,,,,,0.000031,,,,,,,,,,,,,,,,
b15117ec-3b8e-35de-bef2-00aec1b9636e,emission,air,Copper,,kg,,,,,,,,9.972E-08,,,,,,,,,,,,,,,,,,,,,,,,,,,,,,,,,,,,,,,,,,,,,,,,,,,,,,,,,,,,
965958b3-8368-3395-a55d-f6f819e40587,emission,water,Copper,,kg,,,,,,,,,,,,,,,,,,,,,,,,,,,,,,,,,,,,,,,,,,,,,,,,,,,,0.000005,,,,,,,,,,,,,,,,
230bcc03-ec64-394a-bdda-e93b3cd765d4,ground,subterranean,Copper,,kg,,,,,,,,,,,,,,,,,,,,,,,,,,,,,,,,,,,,,,,,,,,,,,,,,,,,-0.000002,,,,,,,,,,,,,,,,
a58df7ff-b222-34c4-8fc0-2dddf59c933d,emission,water,Copper(I),,kg,,,,,,0.00000102,6.165E-08,3.5562E-08,,,,,,1.1828E-08,,,,1.0491E-08,,0.114,,,,,,,,,,,,,,,,,,,,,,,,,,,,,,,,,,,4.2906E-08,,,,,,,,,,,,,
dce9617d-7a15-32be-adcb-f01854016ebc,emission,water,Cresol,,kg,,,,,,,,,,,,,,,,,,,0.00000001,,,,,,,,,,,,,,,,,,,,,,,,,,,,,,,,,,,,,,,,,,,,,,,,,
0ed0590b-2e71-385e-86bb-3d2ea0505734,water,subterranean,Crude oil,,MJ,,,,,,-23.98081535,-45.2295,,,,,,,,,,,,,,,,,,,,,,,,,,,,,,,,,,,,,,,,,,,,,,,,,,,,,,,,,,,,-0.59892,
8f6e0975-9a80-3709-8ee7-1e4c0a9c9e1c,emission,air,Cumene,,kg,,,,,2.65E-09,,,,,,,,,,,,,,,,,,,,2.65E-09,,,,,,,,,,,,,,,,,,,,,,,,,,,,,,,,,,,,,,,,,,,
37037bee-9867-3769-999c-c4d891b9975b,emission,air,Cyanide,,kg,,,,,0.00000125,,,,,,,,,,,,,,,,,,,,0.00000125,,,,,,,,,,,,,,,,,,,,,,,,,,,,,,,,,,,,,,,,,,,
3b66fd84-6bf2-3a57-bd4c-f779d71fee69,emission,water,Cyanide,,kg,,,,,,2.57E-10,3.286E-12,,,,,,,,,,,,0.000000001,,,,,,,,,,,,,,,,,,,,,,,,,,,,,,,,,,0.000000001,,,,,,,,,,,,,,,
12b39b80-c5cb-3410-9968-c6e41304f7d0,emission,air,Cyclohexane,,kg,,,,,,,,,,,,,,,,,,,,,,,,,,,,,,,,,,,,,,,,,,,,,,,,,,,,,0.001,,,,,,,,,,,,,,,
ad141e8f-c6d9-4404-b276-6857aadcd79f,CUTOFF Flows,ecoinvent 3.2,"Cyclohexane, production",,kg,,,,,,,,,,,,,,,,,,,,,,,,,,,,,,,,,,,,,,,,,,,,,,,,,,,,,-0.00025,,,,,,,,,,,,,,,
b7333c73-5e11-36c0-9e18-651c5655c163,emission,air,Decane,,kg,,,,,,,,,,,,,,,,,,,,,,,,,,,,,,,,,,,,,,,,,,,,,,,,,,,,,0.00001,,,,,,,,,,,,,,,
0c8c9877-5938-36dd-910b-48daed6913e1,emission,water,Decane,,kg,,,,,,0.000000104,6.388E-09,,,,,,,,,,,,,,,,,,,,,,,,,,,,,,,,,,,,,,,,,,,,,,,,,,,,,,,,,,,,,
3a69da78-6892-3a5a-996d-2764daa377f3,emission,water,"Detergent, oil",,kg,,,,,,,,,,,,,,,,,,,,,,,,,,,,,,,,,,,,,,,,,,,,,,,,,,,,0.000022,,,,,,,,,,,,,,,,
8260ccad-b692-3ae8-babd-fcd7f626ca49,emission,water,"Detergents, oil",,kg,,,,,,0.00000296,,,,,,,,,,,,,,,,,,,,,,,,,,,,,,,,,,,,,,,,,,,,,,,,,,,,,,,,,,,,,,
3600a034-449c-3066-9960-6a13903c310d,emission,air,Di(2-ethylhexyl) phthalate,,kg,,,,,3.65E-08,,,,,,,,,,,,,,,,,,,,3.65E-08,,,,,,,,,,,,,,,,,,,,,,,,,,,,,,,,,,,,,,,,,,,
8748d8b2-558f-343d-93d5-2d8a7ed2f500,emission,water,"Dibenz[a,j]acridine",,kg,,,,,,,,,,,,,,,,,,,0.000000001,,,,,,,,,,,,,,,,,,,,,,,,,,,,,,,,,,,,,,,,,,,,,,,,,
a3d33ea6-76e3-37fc-b15e-1120f4128b10,emission,water,Dibenzofuran,,kg,,,,,,6.76E-10,8.658E-12,,,,,,,,,,,,,,,,,,,,,,,,,,,,,,,,,,,,,,,,,,,,,,,,,,,,,,,,,,,,,
b2661705-4693-3796-b582-f598499b4157,emission,water,Dibenzothiophene,,kg,,,,,,5.829E-10,7.01496E-12,,,,,,,,,,,,,,,,,,,,,,,,,,,,,,,,,,,,,,,,,,,,,,,,,,,,,,,,,,,,,
48f34f79-a52a-3692-9931-5b7b678fd1f5,emission,water,Dimethyl phthalate,,kg,,,,,,,,,,,,,,,,,,,0.0000001,,,,,,,,,,,,,,,,,,,,,,,,,,,,,,,,,,,,,,,,,,,,,,,,,
5bbebaed-96df-3384-8338-4316f2d429a1,troposphere,rural,Dimethyl sulfate,,kg,,,,,0.000000024,,,,,,,,,,,,,,,,,,,,0.000000024,,,,,,,,,,,,,,,,,,,,,,,,,,,,,,,,,,,,,,,,,,,
6dc1b46f-ee89-4495-95c4-b8a637bcd6cb,Emission to air,high population density,Dinitrogen monoxide,,kg,,,,,,,,,,,,,,,,,,,,,,,,,,,,,,,,,,,,,,,,,,,,,,,,,,,,0.0086,,,,,,,,,,,,,,,,
a097bf04-8dd1-34dc-b5ef-3e7e18dd07e0,Technosphere Flows,CUTOFF Flows,"Disposal, ash and flue gas desulfurization sludge, to unspecified reuse",,kg,,,,,-0.079,,,,,,,,-0.014139,,,,,,,,,,,,,,,,,,,,,,,,,,,,,,,,,,,,,,,,,,,,,,,,,,,,,,,
a98db096-441e-4783-900f-b6693ecde0c9,Technosphere Flows,CUTOFF Flows,"Disposal, hazardous waste, to incineration with energy recovery",,kg,,,,,,,,,,,,,,,,,,,,,,,,,,,,,,,,,,,,,,,,,,,,,,,,,,,,,7.6E-09,,,,,,,,,,,,,,,
ac003090-67b7-4364-b690-807d12019627,Technosphere Flows,CUTOFF Flows,"Disposal, hazardous waste, to incineration without energy recovery",,kg,,,,,,,,,,,,,,,,,,,0.0014,,,,,,,,,,,,,,,,,,,,,,,,,,,,,,,,,,0.0013,,,,,,,,,,,,,,,
42929598-5cd9-4fac-a79d-fd0ab85a4176,Technosphere Flows,CUTOFF Flows,"Disposal, hazardous waste, to unspecified hazardous waste landfill",,kg,,,,,,,,,,,,,,,,,,,0.0000031,,,,,,,,,,,,,,,,,,,,,,,,,,,,,,,,,,0.00000066,,,,,,,,,,,,,,,
51b388e1-32b9-33e7-857d-6543bc69f12c,Technosphere Flows,CUTOFF Flows,"Disposal, lignite coal combustion byproducts, to unspecified reuse",,kg,,,,,,,,,,,,,,,-0.022514,,,,,,,,,,-0.0239,,,,,,,,,,,,,,,,,,,,,,,,,,,,,,,,,,,,,,,,,,,
df2b3c59-4923-41b4-ac38-967884123025,Technosphere Flows,CUTOFF Flows,"Disposal, solid waste, process, to sanitary landfill",,kg,,,,,,,,,,,,,,,,,,,0.00032,,,,,,,,,,,,,,,,,,,,,,,,,,,,,,,,,,0.0034,,,,,,,,,,,,,,,
b2e4bf62-46b0-4a88-8853-86694d26244d,Technosphere Flows,CUTOFF Flows,"Disposal, solid waste, to incineration with energy recovery",,kg,,,,,,,,,,,,,,,,,,,0.00000061,,,,,,,,,,,,,,,,,,,,,,,,,,,,,,,,,,2.4E-10,,,,,,,,,,,,,,,
c3a414cf-44c3-409b-8481-7c0fafdb225c,Technosphere Flows,CUTOFF Flows,"Disposal, solid waste, to incineration without energy recovery",,kg,,,,,,,,,,,,,,,,,,,0.006,,,,,,,,,,,,,,,,,,,,,,,,,,,,,,,,,,0.000042,,,,,,,,,,,,,,,
f2960e88-4ca9-4f6c-9813-71e66edc37b7,Technosphere Flows,CUTOFF Flows,"Disposal, solid waste, unspecified",,kg,,,,,,,,,,,,,,,,,,,,,,,,,,,,,0.0247,0.0247,0.0247,0.0247,0.0247,0.0247,,,,,,,,,,,,,,,,,,,,,,,,,,,,,,,,,,
ee9ac558-402f-3594-a3e3-0ee7dec4440d,Technosphere Flows,CUTOFF Flows,"Disposal, solid waste, unspecified, to municipal incineration",,kg,,,-0.000050949,,,,,,,,,,,,,,,,,,,,,,,,,,,,,,,,,,,,,,,,,,,,,,,,,,,-0.006885335,,,,,,,,,,,,,,
838cef47-a3a6-3dce-bcb2-560991c5e95c,Technosphere Flows,CUTOFF Flows,"Disposal, solid waste, unspecified, to sanitary landfill",,kg,,,-0.000425263,,,-0.0261,-0.026145465,,,,,,,,,,,,,,,,,,,,,,,,,,,,,,,,,,,,,,,,-0.001226201,-0.002361054,-0.000149072,-0.000288617,-0.000274046,,,-0.000360541,,,,,,,,,,,,,,
627f237d-8d6e-3257-b539-0637dacdf768,Technosphere Flows,CUTOFF Flows,"Disposal, solid waste, unspecified, to underground deposit",,kg,,,,-0.235,,,,,,,,,,,,,,,,,,,,,,,,,,,,,,,,,,,,,,,,,,,,,,,,,,,,,,,,,,,,,,,,
c3c58b7e-6561-36c7-a537-b10b1f2a5e39,Technosphere Flows,CUTOFF Flows,"Disposal, solid waste, unspecified, to unspecified treatment",,kg,,,,,-0.06208,,,,,,,,-0.043755,,-0.1426,,,-0.0003377,,,,,,,-0.061585,,,,,,,,,,,,,,,,,,,,,,,,,,,,,,-0.0012702,,,,,,,,,,,,-0.003,-0.0882
5d2b8abb-4d07-3515-b955-46a086e599f6,Technosphere Flows,CUTOFF Flows,"Disposal, solid waste, unspecified, to waste-to-energy",,kg,,,,,,,,,,,,,,,,,,,,,,,,,,,,,,,,,,,,,,,,,,,,,,,,,,,,,,-4.71149E-06,,,,,,,,,,,,,,
0950274b-38ce-3248-8f61-2dba9026bf8f,emission,water,Dissolved Organic Carbon,,kg,,,,,,,,,,,,,,,,,,,,,,,,,,,,,,,,,,,,,,,,,,,,,,,,,,,,,0.0001,,,,,,,,,,,,,,,
79cd1bbd-1202-426a-bd11-0e81c37166a9,Emission to water,unspecified,Dissolved organic matter,,kg,,,,,,,,,,,,,,,,,,,,,,,,,,,,,,,,,,,,,,,,,,,,,,,,,,,,0.0002,,,,,,,,,,,,,,,,
71ab2307-5ca5-4b22-9f13-3bac704c5e0c,Emission to water,fresh water,Dissolved solids,,kg,,,,,,,,,,,,,,,,,,,,,,,,,,,,,,,,,,,,,,,,,,,,,,,,,,,,0.00094,,,,,,,,,,,,,,,,
346f49b9-598c-3f47-96c8-b47ccdb5a01f,emission,water,Docosane,,kg,,,,,,3.8E-09,4.873E-11,,,,,,,,,,,,,,,,,,,,,,,,,,,,,,,,,,,,,,,,,,,,,,,,,,,,,,,,,,,,,
4acda2b2-105c-30e7-bb18-31ffb1a63c5c,emission,air,Dodecane,,kg,,,,,,,,,,,,,,,,,,,,,,,,,,,,,,,,,,,,,,,,,,,,,,,,,,,,,0.000001,,,,,,,,,,,,,,,
637c2a11-389c-3555-a5be-62d3823dbd2a,emission,water,Dodecane,,kg,,,,,,0.000000197,1.211E-08,,,,,,,,,,,,,,,,,,,,,,,,,,,,,,,,,,,,,,,,,,,,,,,,,,,,,,,,,,,,,
1b06ec7f-4aae-4b05-b83f-31dc0a3034ec,Resource,biotic,Dolomite,,kg,,,,,,,,,,,,,,,,,,,,,,,,,,,,,,,,,,,,,,,,,,,,,,,,,,,,-0.000021,,,,,,,,,,,,,,,,
c22b0e5b-731c-47fb-8003-effcec85f5e9,Emission to air,unspecified,"Dust, unspecified",,kg,,,,,,,,,,,,,,,,,,,,,,,,,,,,,,,,,,,,,,,,,,,,,,,,,,,,0.00017,,,,,,,,,,,,,,,,
c69ad153-4e30-39ac-92e0-ded6825e8ec8,emission,water,Eicosane,,kg,,,,,,5.41E-08,3.317E-09,,,,,,,,,,,,,,,,,,,,,,,,,,,,,,,,,,,,,,,,,,,,,,,,,,,,,,,,,,,,,
8ca9c802-e837-30d6-a921-3bc7ea7d8448,Technosphere Flows,CUTOFF Flows,"Electricity, at wind power plant, unspecified",,MJ,,,,,,,,,,,-0.0023796,-0.0623628,,,,,,,,,,,,,,,,,,,,,,,,,,,,,,,,,,,,,,,,,,,,,,,,,,,,,,,,
7f11b3fc-4396-3cb0-b1c6-4016a7c31533,Technosphere Flows,CUTOFF Flows,"Electricity, biomass, gas, landfill, at power plant",,MJ,,,,,,,,,,,-0.0022896,-0.0064872,,,,,,,,,,,,,,,,,,,,,,,,,,,,,,,,,,,,,,,,,,,,,,,,,,,,,,,,
50a39fc4-b698-37e8-b8f9-0142a6ef76ce,Technosphere Flows,CUTOFF Flows,"Electricity, biomass, solid, agriculture by-products, at power plant",,MJ,,,,,,,,,,,-0.020304,-0.0257148,,,,,,,,,,,,,,,,,,,,,,,,,,,,,,,,,,,,,,,,,,,,,,,,,,,,,,,,
29ae9fce-0435-3a0a-bedc-1ee78b6b4b3e,Technosphere Flows,CUTOFF Flows,"Electricity, biomass,liquid, unspecified, at power plant",,MJ,,,,,,,,,,,-0.0336456,-0.0153252,,,,,,,,,,,,,,,,,,,,,,,,,,,,,,,,,,,,,,,,,,,,,,,,,,,,,,,,
e4229062-5210-3132-a1a2-a946454ffaf2,Technosphere Flows,CUTOFF Flows,"Electricity, geothermal, unspecified",,MJ,,,,,,,,,,,,-0.0132372,,,,,,,,,,,,,,,,,,,,,,,,,,,,,,,,,,,,,,,,,,,,,,,,,,,,,,,,
4b4d38d5-b196-3075-8f90-27fa7e45d92b,Technosphere Flows,CUTOFF Flows,"Electricity, hydropower, at power plant, unspecified",,MJ,,,,,,,,,,,-0.1071396,-0.2281788,,,,,,,,,,,,,,,,,,,,,,,,,,,,,,,,,,,,,,,,,,,,,,,,,,,,,,,,
6e9f8d2d-5ce1-3e64-8130-5ec0b62ca7d1,Technosphere Flows,CUTOFF Flows,"Electricity, other fuels, unspecified, at power plant",,MJ,,,,,,,,,,,-0.0055512,-0.0100224,,,,,,,,,,,,,,,,,,,,,,,,,,,,,,,,,,,,,,,,,,,,,,,,,,,,,,,,
7b8d7c56-1021-37b6-be2c-3c92d8b9f026,Technosphere Flows,CUTOFF Flows,"Electricity, other gases, unspecified,  at power plant",,MJ,,,,,,,,,,,-0.0077328,-0.0100404,,,,,,,,,,,,,,,,,,,,,,,,,,,,,,,,,,,,,,,,,,,,,,,,,,,,,,,,
b31ba1d1-fb4b-3b9e-96c2-1e042fec4e84,Technosphere Flows,CUTOFF Flows,"Electricity, petroleum coke, at power plant",,MJ,,,,,,,,,,,-0.0140292,-0.0266904,,,,,,,,,,,,,,,,,,,,,,,,,,,,,,,,,,,,,,,,,,,,,,,,,,,,,,,,
2e5ad224-751f-3379-8b19-1d533cf2b09c,Technosphere Flows,CUTOFF Flows,"Electricity, solar, unspecified, at power plant",,MJ,,,,,,,,,,,,-0.000774,,,,,,,,,,,,,,,,,,,,,,,,,,,,,,,,,,,,,,,,,,,,,,,,,,,,,,,,
423e3050-f49a-303a-88a8-1ac428418f9c,emission,air,Ethane,,kg,,,,,,,,,,,,,,,,,,,,,,,,,,,,,,,,,,,,,,,,,,,,,,,,,,,,,0.00001,,,,,,,,,,,,,,,
7b2a26ef-86ec-39e1-82e6-016b31800e2b,emission,air,Ethylbenzene,,kg,,,,,0.000000047,,,,,,,,,,,,,,,,,,,,0.000000047,,,,,,,,,,,,,,,,,5.2284E-07,,,,,,,,,,,,,,,,,,,,,,,,,,
6c82f4d1-4fa8-3b7e-816d-c4153c0eba6d,emission,water,Ethylbenzene,,kg,,,,,,0.000000335,1.445E-08,,,,,,,,,,,,0.000001,,,,,,,,,,,,,,,,,,,,,,,,,,,,,,,,,,,0.00000001,,,,,,,,,,,,,,
3378c02d-6828-36dc-a9fe-9948b59a8bd6,emission,air,Ethylene,,kg,,,,,,,,,,,,,,,,,,,,,,,,,,,,,,,,,,,,,,,,,,,,,,,,,,,,,0.000021,,,,,,,,,,,,,,,
3406549e-cf97-3fec-b0bb-07506f38dfc4,emission,water,Ethylene,,kg,,,,,,,,,,,,,,,,,,,0.00001,,,,,,,,,,,,,,,,,,,,,,,,,,,,,,,,,,,,,,,,,,,,,,,,,
a8ead97e-1f5f-3c0c-aa72-c7b25050864e,emission,air,Ethylene dibromide,,kg,,,,,6E-10,,,,,,,,,,,,,,,,,,,,6E-10,,,,,,,,,,,,,,,,,,,,,,9.34002E-10,1.79842E-09,1.13549E-10,2.19841E-10,2.08742E-10,,,,,,,,,,,,,,,,,
41520962-0f73-3a5a-a396-c1c2d52bb55f,emission,water,Ethylene glycol,,kg,,,,,,,,,,,,,,,,,,,0.000001,,,,,,,,,,,,,,,,,,,,,,,,,,,,,,,,,,,,,,,,,,,,,,,,,
c89c263a-b0b7-34c9-a27c-d9ebf851c3cc,emission,air,Fluoranthene,,kg,,,,,3.55E-10,,,,,,,,1.5686E-10,,2.7763E-10,,,,,,,,,,3.55E-10,,,,,,,,,,,,,,,,,,,,,,,,,,,,,,,,,,,,,,,,,,,
c5697dcb-8fd3-3046-b499-f34e33495b61,emission,air,Fluorene,,kg,,,,,4.55E-10,,,,,,,,2.0104E-10,,3.5584E-10,,,,,,,,,,4.55E-10,,,,,,,,,,,,,,,,,,,,,,,,,,,,,,,,,,,,,,,,,,,
d83e2d8e-93e4-37c2-be41-b7b7d9f93a11,emission,water,Fluorene,,kg,,,,,,,1.154E-09,,,,,,,,,,,,,,,,,,,,,,,,,,,,,,,,,,,,,,,,,,,,,,,,,,,,,,,,,,,,,
382c434b-4131-3cb7-8c90-c3afc262ac23,emission,water,"Fluorenes, alkylated, unspecified",,kg,,,,,,1.01E-08,2.488E-09,,,,,,,,,,,,,,,,,,,,,,,,,,,,,,,,,,,,,,,,,,,,,,,,,,,,,,,,,,,,,
40ba4085-36b8-3564-8552-5d3bd6186f93,emission,air,Fluoride,,kg,,,,,0.000022297,,,,,,,,,,,,,,,0.013,,,,,,,,,,,,,,,,,,,,,,,,,,,,,,,,,,,,,,,,,,,,,,,,
e8a4d121-c284-3073-ba8f-37f9253ff20a,emission,water,Fluoride,,kg,,,,,,,,,,,,,,,,,,,,2.01,,,,,,,,,,,,,,,,,,,,,,,,,,,,,,,,,0.000000001,,,,,,,,,,,,,,,
cf1c6b0f-a688-355e-b222-ebb4a4c163d5,emission,water,Fluorine,,kg,,,,,,4.98E-09,,,,,,,,,,,,,,,,,,,,,,,,,,,,,,,,,,,,,,,,,,,,,,,,,,,,,,,,,,,,,,
08a91e70-3ddc-11dd-97f7-0050c2490048,Resource,in ground,Fluorspar,,kg,,,,,,,,,,,,,,,,,,,,,,,,,,,,,,,,,,,,,,,,,,,,,,,,,,,,-0.000001,,,,,,,,,,,,,,,,
a257b8d3-62dd-37ad-b429-73d96c97165c,emission,air,Formaldehyde,,kg,,,,,0.000003383,,,,0.000019612,,,,5.3023E-08,1.3152E-06,9.3847E-08,3.5836E-07,,1.0415E-06,,,0.000017674,,,,0.000003383,,,,,,,,,,,,,,1.2014E-06,1.2014E-06,1.2014E-06,0.000011601,,,,,,,,,,,,,3.9543E-06,,,,,,,,,,,,,0.0000396
bf366291-fb38-4901-9c96-16472193b680,Technosphere Flows,CUTOFF Flows,"Fuel gas, produced onsite, at cracker, m3",,m3,,,,,,,,,,,,,,,,,,,-0.113,,,,,,,,,,,,,,,,,,,,,,,,,,,,,,,,,,,,,,,,,,,,,,,,,
e8b8cad5-6cb4-3c94-b181-51b1546decd6,emission,air,Furan,,kg,,,,,,,,,,,,,1.1002E-12,,,,,,,,,,,,,,,,,,,,,,,,,,,,,,,,,,,,,,,,,,,,,,,,,,,,,,,
efaa5e7d-6efa-398d-95b4-7d24be488715,ground,subterranean,Gravel,,kg,,,,,,,,,,,,,,,,,,,,,,,,,,,,,,,,,,,,,,,,,,,,,,,,,,,,-0.000006,,,,,,,,,,,,,,,,
76cf7898-8461-3265-a3a4-14dd2682779e,emission,air,HCFC-22,,kg,,,,,,,,,,,,,,,,,,,,,,,,,,,,,,,,,,,,,,,,,,,,,,,,,,,,,,0.000000001,,,,,,,,,,,,,,
9a2c8196-dc6a-3ee0-868d-4278ac51a46f,emission,air,Heptane,,kg,,,,,,,,,,,,,,,,,,,,,,,,,,,,,,,,,,,,,,,,,,,,,,,,,,,,,0.000001,,,,,,,,,,,,,,,
5b9ac6e8-5db3-3abf-9074-d12787ae5974,emission,water,Hexacosane,,kg,,,,,,2.37E-09,3.04E-11,,,,,,,,,,,,,,,,,,,,,,,,,,,,,,,,,,,,,,,,,,,,,,,,,,,,,,,,,,,,,
b6546ff7-0bf9-3866-8335-01aa38b3e8b0,emission,water,Hexadecane,,kg,,,,,,0.000000215,1.327E-08,,,,,,,,,,,,,,,,,,,,,,,,,,,,,,,,,,,,,,,,,,,,,,,,,,,,,,,,,,,,,
7955b6e2-3ae6-315c-94f1-028d7faada34,emission,air,Hexane,,kg,,,,,3.35E-08,,,,,,,,,,,,,,,,,,,,3.35E-08,,,,,,,,,,,,,,,,,,,,,,,,,,,,0.00001,,,,,,,,,,,,,,,
3bbc78d0-08c4-48ef-a863-704e32fddcb3,Emission to air,high population density,Hexane,,kg,,,,,,,,,,,,,,,,,,,,,,,,,,,482.2,,,,,,,,,,,,,,,,,,,,,,,,,,,,,,,,,,,,,,,,,
583cfbf3-e4c8-38da-827b-2aced8123a8f,emission,water,Hexanoic acid,,kg,,,,,,0.000000747,4.652E-08,,,,,,,,,,,,,,,,,,,,,,,,,,,,,,,,,,,,,,,,,,,,,,,,,,,,,,,,,,,,,
6a8ca31c-ede5-38b1-8c30-2d50fb499a55,emission,air,Hydrocarbons,,kg,,,,,,,,,,,,,,,,,,,,3.34,,,,,,,,,,,,,,,,,,,,,,,,,,,,,,,,,0.00022,,,,,,,,,,,,,,,
42983b7d-3999-3fa9-b172-a0fc678236fe,emission,water,Hydrocarbons,,kg,,,,,,,,,,,,,,,,,,,,,,,,,,,,,,,,0.0000267,0.0000267,,,,,,,,,,,,,,,,,,,0.000013,,,,,,,,,,,,,,,,
8b5d5c1d-c786-4367-94f0-fae42cd3ac0a,Emission to air,high population density,"Hydrocarbons, aromatic",,kg,,,,,,,,,,,,,,,,,,,,,,,,,,,,,,,,,,,,,,,,,,,,,,,,,,,,0.0043,,,,,,,,,,,,,,,,
e2230ed6-8d5e-3315-8bc9-ce337d1283ce,emission,air,Hydrochloric acid,,kg,,,,,0.00030654,,,0.000083807,,,,,0.00026511,0.000027875,0.00046923,,,0.000022074,,,,,,,0.0006,,,,,,,,,,,,,,,,,,,,,,,,,,,,0.0000001,0.000000001,0.000083807,,,,,,,,,,,,,0.000171
1c288388-0f32-30f1-8267-19b8d72c80df,emission,air,Hydrofluoric acid,,kg,,,,,0.000052357,,,,,,,,0.000033139,,0.000058654,,,,,,,,,,0.000075,,,,,,,,,,,,,,,,,,,,,,,,,,,,,,,,,,,,,,,,,,,
93995ef3-e3d2-37a6-a6ab-67636a2f12a3,emission,air,Hydrofluorocarbons,,kg,,,,,,,,,,,,,,,,,,,,,,,,,,,,,,,,,,,,,,,,,,,,,,,,,,,,,0.0000001,,,,,,,,,,,,,,,
1aaa4326-5c2e-31c5-be81-f856b4e424b1,emission,air,Hydrogen,,MJ,,,1.42857E-07,,,,,,,,,,,,,,,,,,,,,,,,,,,,,,,,,,,,,,,,,,,,,,,,,,0.0001,0.000783808,,,,,,,,,,,,,,
8e906def-6bd5-4248-ac2b-94e6eedde3c9,Emission to air,high population density,Hydrogen,,kg,,,,,,,,,,,,,,,,,,,,,,,,,,,,,,,,,,,,,,,,,,,,,,,,,,,,0.00026,,,,,,,,,,,,,,,,
afcbd980-14c2-4e1d-a0aa-5f6464e5c76b,Emission to air,high population density,Hydrogen chloride,,kg,,,,,,,,,,,,,,,,,,,,,,,,,,,,,,,,,,,,,,,,,,,,,,,,,,,,0.00015,,,,,,,,,,,,,,,,
08351d0e-94b3-3bc8-a9a6-9afcd5e10999,Emission to air,"low population density, long-term",Hydrogen cyanide,,kg,,,,,,,,,,,,,,,,,,,,,,,,,,,,,,,,,,,,,,,,,,,,,,,,,,,,0.000007,,,,,,,,,,,,,,,,
257eacb9-96fe-4a3d-961a-f5e6c7823ff0,Emission to air,high population density,Hydrogen fluoride,,kg,,,,,,,,,,,,,,,,,,,,,,,,,,,,,,,,,,,,,,,,,,,,,,,,,,,,0.000006,,,,,,,,,,,,,,,,
f8cbcd43-8201-3b05-b19a-82d305414af4,emission,air,Hydrogen sulfide,,kg,,,,,,,,,,,,,,,,,,,0.000000001,,,,,,,,,,,,,,,,,,,,,,,,,,,,,,,,,,,,,,,,,,,,,,,,,
e962ef47-cedd-36b6-b962-abacbab62a02,emission,air,"Indeno[1,2,3-cd]pyrene",,kg,,,,,3.05E-11,,,,,,,,1.3477E-11,,2.3853E-11,,,,,,,,,,3.05E-11,,,,,,,,,,,,,,,,,,,,,,,,,,,,,,,,,,,,,,,,,,,
2b61d376-c8c2-31ae-9c19-9b8b958c74dd,emission,water,Iron,,kg,,,,0.00000864,,0.000631,0.00003932,3.5562E-08,,,,,,1.1828E-08,,,,1.0491E-08,,7.35,,,,2.65E-08,,,,,0.00000109,,,,,0.00000109,,,,,,,,,,,,,,,,,,,0.0000001,,4.2906E-08,,,,,,,,,,,,,
63e7d74e-8549-11e0-9d78-0800200c9a66,Emission to water,unspecified,Iron,,kg,,,,,,,,,,,,,,,,,,,,,,,,,,,,,,,,,,,,,,,,,,,,,,,,,,,,0.000003,,,,,,,,,,,,,,,,
290d9a3e-ae36-3c36-b755-8bbf90c17054,Resource,ground,Iron,,kg,,,,,,,,,,,,,,,,,,,,,,,,,,,,,,,,,,,,,,,,,,,,,,,,,,,,-0.0017,,,,,,,,,,,,,,,,
515e9797-af84-335a-a30f-a48f9a9e2ed7,emission,air,Isobutane,,kg,,,,,,,,,,,,,,,,,,,,,,,,,,,,,,,,,,,,,,,,,,,,,,,,,,,,,0.0001,,,,,,,,,,,,,,,
feb8a91d-fa3f-3660-bfc2-75471003288d,urban,low,Isobutene,,kg,,,,,,,,,,,,,,,,,,,,,,,,,,,,,,,,,,,,,,,,,,,,,,,,,,,,,0.000001,,,,,,,,,,,,,,,
9aa7fac7-87ac-35ac-9cfb-639180846bee,emission,air,Isophorone,,kg,,,,,0.00000029,,,,,,,,,,,,,,,,,,,,0.00000029,,,,,,,,,,,,,,,,,,,,,,,,,,,,,,,,,,,,,,,,,,,
f04bdc59-0f29-3c7f-956c-53b0003b37e7,emission,water,Isoprene,,kg,,,,,,,,,,,,,,,,,,,0.0000001,,,,,,,,,,,,,,,,,,,,,,,,,,,,,,,,,,,,,,,,,,,,,,,,,
222a86c7-0134-3761-8eeb-a5c8a2947ca6,emission,air,Isopropanol,,kg,,,,,,,,,,,,,,,,,,,,,,,,,,,,,,,,,,,,,,,,,,,,,,,,,,,,,0.00001,,,,,,,,,,,,,,,
35b5c1c9-2910-3597-9c29-835fe31bc726,emission,air,Kerosene,,kg,,,,,,,,,,,,,,,,,,,,0.277,,,,,,,,,,,,,,,,,,,,,,,,,,,,,,,,,,,,,,,,,,,,,,,,
74291898-f3b6-4823-92d5-e966bc4d4f9c,Technosphere Flows,CUTOFF Flows,"Landfill gas, at cracker, m3",,m3,,,,,,,,,,,,,,,,,,,-0.00072,,,,,,,,,,,,,,,,,,,,,,,,,,,,,,,,,,,,,,,,,,,,,,,,,
fe829136-3042-36e6-b4cb-7ff591e8db98,emission,air,Lead,,kg,,,,,1.7862E-06,,,1.4958E-07,,,,,9.279E-08,6.0181E-08,1.6423E-07,2.3891E-09,,4.7657E-08,,,,,,,0.000068588,,,,,,,,,,,,,,8.0092E-09,8.0092E-09,8.0092E-09,,,,,,,,,,,,,,1.8094E-07,,,,,,,,,,,,,0.000000432
f8204689-71e9-3275-85f4-66c4112e5511,emission,water,Lead,,kg,,,,,,0.00000209,0.000000118,,,,,,,,,,,,1E-10,0.0159,,,,,,,,,,,,,,,,,,,,,,,,,,,2.15431E-10,4.14814E-10,2.61905E-11,5.07071E-11,4.81472E-11,,0.000000001,,,,,,,,,,,,,,,
2a73815a-9774-35ed-a8fa-6952fa17a3e0,Resource,unspecified,"Lead, Pb 3.6E-1%, in mixed ore",,kg,,,,,,,,,,,,,,,,,,,,,,,,,,,,,,,,,,,,,,,,,,,,,,,,,,,,-0.000011,,,,,,,,,,,,,,,,
5c8aca95-6eb3-3b26-83d0-838936066653,emission,water,Lead-210,,kBq,,,,,,0.0010332,0.000064428,,,,,,,,,,,,,,,,,,,,,,,,,,,,,,,,,,,,,,,,,,,,,,,,,,,,,,,,,,,,,
bf9a98d7-16de-3777-b21d-ee9edc177ca0,ground,subterranean,Limestone,,kg,,,,,,,,,,,,,,,,,,,,,,,,,,,,,,,,,,,,,,,,,,,,,,,,,,,,-0.0026,,,,,,,,,,,,,,,-0.116,
1f62b25d-4dcb-3f81-8273-65dbbda19bac,emission,water,Lithium(I),,kg,,,,,,0.00000382,0.000000156,,,,,,,,,,,,,,,,,,,,,,,,,,,,,,,,,,,,,,,,,,,,,,,,,,,,,,,,,,,,,
a975efda-5fb3-38a9-8d3f-212606aa853f,emission,water,m-Xylene,,kg,,,,,,0.000000108,6.273E-09,,,,,,,,,,,,,,,,,,,,,,,,,,,,,,,,,,,,,,,,,,,,,,,,,,,,,,,,,,,,,
38b7760e-42fa-3d33-b91c-67d348d99097,emission,air,Magnesium,,kg,,,,,0.0000055,,,,,,,,2.4302E-06,,4.3013E-06,,,,,,,,,,0.0000055,,,,,,,,,,,,,,,,,,,,,,,,,,,,,,,,,,,,,,,,,,,
1345e5a3-e4c5-3cc1-b896-988ae1796d8e,emission,water,Magnesium,,kg,,,,,,0.00223,0.0000992,,,,,,,,,,,,,,,,,,,,,,0.000025,0.000203,,,,0.000025,,,,,,,,,,,,,,,,,,0.000009,,,,,,,,,,,,,,,,
fe0acd60-3ddc-11dd-aac3-0050c2490048,Resource,in ground,Magnesium,,kg,,,,,,,,,,,,,,,,,,,,,,,,,,,,,,,,,,,,,,,,,,,,,,,,,,,,-0.000001,,,,,,,,,,,,,,,,
9a474c27-63f9-3d0d-a74c-465fd97400e7,emission,air,Manganese,,kg,,,,,1.7876E-07,,,9.972E-08,,,,,1.0825E-07,1.1956E-07,1.916E-07,1.8157E-09,,9.4682E-08,,,,,,,1.7876E-07,,,,,,,,,,,,,,6.087E-09,6.087E-09,6.087E-09,,,,,,,,,,,,,,3.5948E-07,,,,,,,,,,,,,0.0000144
8f023abc-b8fc-3ef7-9571-f4cf6c2b6820,emission,water,Manganese,,kg,,,,0.00000576,,0.00000356,1.458E-07,,,,,,,,,,,,,1.39,,,,0.000000176,,,,,,0.000184,,,,,,,,,,,,,,,,,,,,,,,,,,,,,,,,,,,,,,
8122f9fb-a740-3bb7-bb66-f3f64059629d,emission,air,Mercaptans,,kg,,,,,0.0001085,,,,,,,,,,,,,,,,,,,,,,,,,,,,,,,,,,,,,,,,,,,,,,,,,,,,,,,,,,,,,,,
e2c65e04-f613-33db-9a6e-4cb4577b0005,emission,air,Mercury,,kg,,,,,6.5409E-07,,,4.986E-08,,,,,1.8337E-08,4.5036E-09,3.2455E-08,1.2423E-09,,3.5664E-09,,,,,,,6.5409E-07,,,,,,,,,,,,,,4.1648E-09,4.1648E-09,4.1648E-09,,,,,,,,,,,,,,1.354E-08,,,,,,,,,,,,,3.15E-08
687b7004-d26d-3dfc-b8f2-81e092bc4bca,emission,water,Mercury,,kg,,,,,,3.49E-09,2.308E-10,,,,,,,,,,,,1E-10,0.00016,,,,,,,,,,,,,,,,,,,,,,,,,,,1.32005E-11,2.54175E-11,1.60481E-12,3.10705E-12,2.95019E-12,,1E-11,,,,,,,,,,,,,,,
19f60b63-b5d8-3689-835a-79ac8fd7f367,Waste,unspecified,Metal waste,,kg,,,,,,,,,,,,,,,,,,,,,,,,,,,,,,,,,,,,,,,,,,,,,,,,,,,,0.000019,,,,,,,,,,,,,,,,
4f816627-5cda-37b6-bc78-a6ee1ae4b089,emission,air,Metals,,kg,,,,,,,,,,,,,,,,,,,,,,,,,,,,,,,,,,,,,,,,,,,,,,,,,,,,,,,,,,,,,,,,,,,,0.00038494
744039f7-9641-399c-9f9e-e4a78eab355b,emission,water,Metals,,kg,,,,,,,,,,,,,,,,,,,,,,,,,,,,,,,,,,,,,,,,,,,,,,,,,,,,0.00011,,,,,,,,,,,,,,,,
aab83476-ec6c-3742-af85-15d320b7ce80,emission,air,Methane,,kg,,,,0.00399,0.00011543,0.00353,0.0053,6.1048E-06,0.00013363,,,,8.3124E-06,2.1917E-06,0.000015641,0.000010743,,8.8565E-06,0.0001,,0.00092063,,,0.00113,0.00002,0.000026025,,,0.00127,0.00156,0.000429,0.00253,0.00153,0.00127,,0.00027,,0.00027,0.000036017,0.000036017,0.000036017,0.00013948,,,,,8.08919E-06,1.55758E-05,9.83421E-07,1.90399E-06,1.80787E-06,,0.000013,0.000001,0.00012784,,,6.4861E-07,6.4329E-07,,1.2883E-06,7.2952E-07,7.8738E-07,0.004566864,,9.0485E-07,,0.000189
77dbd17a-5dac-4f22-a84c-1c4ca85af978,Emission to air,high population density,Methane,,kg,,,,,,,,,,,,,,,,,,,,,,,,,,,,,,,,,,,,,,,,,,,,,,,,,,,,0.0025,,,,,,,,,,,,,,,,
ad362da4-86b8-3519-b904-d7f3be4328fe,emission,air,Methanol,,kg,,,,,,,,,,,,,,,,,,,,,,,,,,,,,,,,,,,,,,,,,,,,,,,,,,,,,0.000001,,,,,,,,,,,,,,,
18281313-4dde-31e9-a1ac-c210254d7130,emission,air,Methyl bromide,,kg,,,,,0.00000008,,,,,,,,,,,,,,,,,,,,0.00000008,,,,,,,,,,,,,,,,,,,,,,,,,,,,,,,,,,,,,,,,,,,
086497a9-ac6e-3e3f-9b16-d980cc0bb381,emission,air,Methyl ethyl ketone,,kg,,,,,0.000000195,,,,,,,,,,,,,,,,,,,,0.000000195,,,,,,,,,,,,,,,,,,,,,,,,,,,,,,,,,,,,,,,,,,,
bf688e2e-ac31-3441-b17c-c8ab06c188c6,emission,water,Methyl ethyl ketone,,kg,,,,,,2.86E-10,3.665E-12,,,,,,,,,,,,,,,,,,,,,,,,,,,,,,,,,,,,,,,,,,,,,,,,,,,,,,,,,,,,,
f0267c81-ff66-36f6-ba35-11b522316310,emission,air,Methyl hydrazine,,kg,,,,,0.000000085,,,,,,,,,,,,,,,,,,,,0.000000085,,,,,,,,,,,,,,,,,,,,,,,,,,,,,,,,,,,,,,,,,,,
da9d5cb9-ad52-3bca-99a9-650145f9cab5,emission,water,Methyl isobutyl ketone,,kg,,,,,,,1.914E-10,,,,,,,,,,,,,,,,,,,,,,,,,,,,,,,,,,,,,,,,,,,,,,,,,,,,,,,,,,,,,
02f393d6-bc1c-370e-9144-a022ddca1d0a,emission,air,Methyl methacrylate,,kg,,,,,0.00000001,,,,,,,,,,,,,,,,,,,,0.00000001,,,,,,,,,,,,,,,,,,,,,,,,,,,,,,,,,,,,,,,,,,,
806ce2b4-1a8c-3844-8372-dd0fa3797c21,emission,air,Methyl tert-butyl ether,,kg,,,,,1.75E-08,,,,,,,,,,,,,,,,,,,,1.75E-08,,,,,,,,,,,,,,,,,,,,,,,,,,,,,,,,,,,,,,,,,,,
f9fd0074-f765-3f38-a150-2ca0a82c37be,emission,air,Methylene chloride,,kg,,,,,0.000000145,,,5.3599E-07,,,,,6.4069E-08,1.7827E-07,1.134E-07,,,1.5217E-07,,,,,,,0.000000145,,,,,,,,,,,,,,,,,,,,,,,,,,,,,,5.7773E-07,,,,,,,,,,,,,0.00000261
3dd138a5-bd77-3ae5-baf5-1c53acabb4b8,Waste,unspecified,Mineral waste,,kg,,,,,,,,,,,,,,,,,,,,,,,,,,,,,,,,,,,,,,,,,,,,,,,,,,,,0.0021,,,,,,,,,,,,,,,,
f95a65ae-f63c-39be-a86a-cb9b547b781b,emission,water,Molybdenum,,kg,,,,,,8.17E-08,5.075E-09,,,,,,,,,,,,,,,,,,,,,,,,,,,,,,,,,,,,,,,,,,,,,,,,,,,,,,,,,,,,,
ebf3aeb4-7a46-3029-a8f8-83d68f4d4ce5,emission,air,Naphthalene,,kg,,,,,6.5E-09,,,,,,,,2.8721E-09,4.5036E-08,5.0834E-09,2.9147E-09,,3.5664E-08,,,,,,,6.5E-09,,,,,,,,,,,,,,9.7713E-09,9.7713E-09,9.7713E-09,2.124E-08,,,,,,,,,,,1E-12,,1.354E-07,,,,,,,,,,,,,0.000000873
6db1dc8d-facf-347f-9885-53936a44286b,emission,water,Naphthalene,,kg,,,,,,6.48E-08,3.958E-09,,,,,,,,,,,,,,,,,,,,,,,,,,,,,,,,,,,,,,,,,,,,,,,1E-11,,,,,,,,,,,,,,
29212dbf-5c92-3200-aebd-52f80075b202,emission,water,"Naphthalenes, alkylated, unspecified",,kg,,,,,,2.86E-09,7.035E-10,,,,,,,,,,,,,,,,,,,,,,,,,,,,,,,,,,,,,,,,,,,,,,,,,,,,,,,,,,,,,
ad1bd08b-d640-3605-803e-988d109197e0,air,subterranean,Natural gas,,MJ,,,,,,,,,,,,,,,,,,,,,,,,,,,,,-58.93291,-59.48107,-59.31670211,-59.4982,-59.4982,-58.93291,,,,,,,,,,,,,,,,,,,,,,,,,,,,,,,,,-0.147888,
50f56ea3-e292-3c09-89d2-74466af5f11e,emission,air,Nickel,,kg,,,,,1.741E-07,,,4.986E-08,,,,,6.186E-08,3.3677E-06,1.0949E-07,1.0034E-08,,2.6669E-06,,,,,,,1.741E-07,,,,,,,,,,,,,,3.3639E-08,3.3639E-08,3.3639E-08,,,,,,1.25817E-09,2.42261E-09,1.52958E-10,2.96141E-10,2.8119E-10,,,,0.000010125,,,,,,,,,,,,,0.000000297
5a0f4337-3cdb-3484-84b4-67f1f5d0c113,emission,water,Nickel,,kg,,,,,,0.000000977,0.000000054,,,,,,,,,,,,0.000000001,,,,,,,,,,,,,,,,,,,,,,,,,,,,,,,,,,0.00000001,,,,,,,,,,,,,,,
e43a270f-4f88-4789-a0b8-7aba56677743,Emission to air,high population density,Nickel,,kg,,,,,,,,,,,,,,,,,,,,,,,,,,,,,,,,,,,,,,,,,,,,,,,,,,,,0.000003,,,,,,,,,,,,,,,,
63e7fe55-8549-11e0-9d78-0800200c9a66,Emission to water,unspecified,Nickel,,kg,,,,,,,,,,,,,,,,,,,,,,,,,,,,,,,,,,,,,,,,,,,,,,,,,,,,0.000004,,,,,,,,,,,,,,,,
d4625608-6ef8-3ce6-bfa4-0f96f3535e23,emission,water,Nitrogen,,kg,,,,,,,,,,,,,,,,,,,,0.308,,,,,,,,,,,0.0000443,,,,,,,,,,,,,,,,,,,,,,,,,,,,,,,,,,,,,
dcae4add-1efb-4af1-8e83-899703bcf64f,Emission to air,high population density,Nitrogen,,kg,,,,,,,,,,,,,,,,,,,,,,,,,,,61742,,,,,,,,,,,,,,,,,,,,,,,,,,,,,,,,,,,,,,,,,
dcfe0815-6fa3-4e1d-a55e-155b29904f1d,Emission to water,unspecified,Nitrogen,,kg,,,,,,,,,,,,,,,,,,,,,,,,,,,,,,,,,,,,,,,,,,,,,,,,,,,,0.0017,,,,,,,,,,,,,,,,
e0b92d26-4203-3ae4-aa2d-db74fab4711b,Resource,air,Nitrogen,,kg,,,,,,,,,,,,,,,,,,,,,,,,,,,,,,,,,,,,,,,,,,,,,,,,,,,,-0.35,,,,,,,,,,,,,,,,
a742c00e-7148-3f99-9ecc-16bb46bd2f4f,emission,air,Nitrogen dioxide,,kg,,,,,,,,,,,,,,,,,,,,,,,,,,,,,,,,,,,,0.00000051,,0.00000065,,,,,,,,,,,,,,,,,,,,,,,,,,,,,,
d9945575-a965-4bf3-9cd7-584263172abd,Emission to air,high population density,Nitrogen dioxide,,kg,,,,,,,,,,,,,,,,,,,,,,,,,,,,,,,,,,,,,,,,,,,,,,,,,,,,0.0082,,,,,,,,,,,,,,,,
4382ba18-dd21-3837-80b2-94283ef5490e,emission,air,Nitrogen oxides,,kg,,,0.00006233,,0.0057524,,,0.0028727,0.052813,,,,0.0027065,0.0010313,0.0034674,0.00047759,,0.0010092,0.00029,13.8,0.033472,,,,0.0059743,0.0026025,,,0.00286,0.00381,0.000107,0.00362,0.00362,0.00286,,0.00012,,0.00013,0.0016011,0.0006,0.004460599,0.0016666,,,,,9.26579E-05,0.000178413,1.12646E-05,2.18093E-05,2.07083E-05,,0.000015,,0.0070315,,,0.00035753,0.0003546,,0.00053228,0.00040213,0.00043403,,,0.00049859,,0.002097
887419d2-a15b-3b0e-beb1-d0f98002952f,troposphere,rural,Nitrogen oxides,,kg,,,,,,,,,,,,,,,,,,,,,,,,,,,,,,,,,,,,,,,,,,,,,,,,,,,,,,,,,,,,,,,,,,,0.00072,
bc8e6793-7071-3c12-bac4-bb5adcb44f79,Technosphere Flows,CUTOFF Flows,"Nitrogen, liquid, at plant",,kg,,,,,,,,,,,,,,,,,,,,,,,,,,,,,,,,,,,,,,,,,,,,,,,,,,,,,-0.077,,,,,,,,,,,,,,,
cfee0524-7ad6-300b-b050-6249135a2492,emission,air,Nitrous oxide,,kg,,,,,0.000368,,,0.000013227,0.000067831,,,,0.000024231,4.7486E-06,0.000024973,0.000010743,,3.5037E-06,0.0002,,0.000060969,,,,,0.00011711,,,0.000000105,0.000000105,0.00000264,0.000000166,0.000000166,0.000000105,,,,,0.000036017,0.000036017,0.000036017,,,,,,,,,,,,0.00000012,,0.000014205,,,,6.9662E-07,,1.9932E-06,,3.8929E-07,,,4.7458E-07,,
d9a8b343-0d77-4fd1-9ac5-773c41208373,Emission to air,high population density,NMVOC,,kg,,,,,,,,,,,,,,,,,,,,,,,,,,,,,,,,,,,,,,,,,,,,,,,,,,,,0.00002,,,,,,,,,,,,,,,,
fb778ab4-969f-33ce-9644-862f81ac0a8e,emission,water,o-Cresol,,kg,,,,,,0.000000102,6.37E-09,,,,,,,,,,,,,,,,,,,,,,,,,,,,,,,,,,,,,,,,,,,,,,,,,,,,,,,,,,,,,
371dd7d6-178e-37c8-a648-b69256b742e8,emission,water,o-Xylene,,kg,,,,,,,2.333E-09,,,,,,,,,,,,,,,,,,,,,,,,,,,,,,,,,,,,,,,,,,,,,,,,,,,,,,,,,,,,,
2021cc6c-268d-3e0e-8007-8dec83ac951d,emission,water,Octadecane,,kg,,,,,,0.000000053,3.302E-09,,,,,,,,,,,,,,,,,,,,,,,,,,,,,,,,,,,,,,,,,,,,,,,,,,,,,,,,,,,,,
86382895-8bd4-3a06-8690-741950b7d876,emission,air,Octane,,kg,,,,,,,,,,,,,,,,,,,,,,,,,,,,,,,,,,,,,,,,,,,,,,,,,,,,,0.00001,,,,,,,,,,,,,,,
86957ef8-d6c4-3521-a7ef-db7121f6d813,emission,water,"Oil and grease, unspecified",,kg,,,0.000017805,,,,,,,,,,,,,,,,,,,,,,,,,,,,,,,,,,,,,,,,,,,,,,,,,,0.000001,,,,,,,,,,,,,,,
39587969-515b-3599-a403-78c461a936eb,emission,water,"Oils, unspecified",,kg,,,,,1.0054E-06,0.000072,0.000004264,5.3343E-07,,,,,8.8847E-07,1.7742E-07,9.7286E-07,,,1.5736E-07,,,,,,,8.0038E-07,,,,,,,,,,,,,,,,,,,,,,2.32936E-06,4.48519E-06,2.83186E-07,5.48273E-07,5.20593E-07,,,,6.4359E-07,,,,,,,,,,,,,
517e8238-844a-49de-8ae2-039ca1123963,Resource,biotic,Olivine,,kg,,,,,,,,,,,,,,,,,,,,,,,,,,,,,,,,,,,,,,,,,,,,,,,,,,,,-0.000016,,,,,,,,,,,,,,,,
2ceaf954-3f37-390d-a1df-b705f837158f,emission,air,Organic acids,,kg,,,,,,,,,,,,,,,,,,,,0.00212,,,,,,,,,,,,,,,,,,,,,,,,,,,,,,,,,,,,,,,,,,,,,,,,
1767d662-f96c-38d8-98e4-cc840d9aafd3,emission,air,Organic compounds,,kg,,,,,3.0287E-06,,,,,,,,1.3382E-06,,2.5234E-06,,,,,,,,,,3.2267E-06,,,,,,,,,,,,,,,,,,,,,,,,,,,,,0.000001,,,,,,,,,,,,,,
40d12c27-b777-3c58-9492-094c352bfd99,emission,water,Organic compounds,,kg,,,,,,,,,,,,,,,,,,,,,,,,,,,,,,,,,,,,,,,,,,,,,,,,,,,,0.000018,,,,,,,,,,,,,,,,
97a0c2f4-6a88-3db0-bd03-777cdd5eb249,emission,water,Orthophosphate,,kg,,,,,,,,,,,,,,,,,,,,,,,,,,,,,,,,,,,,,,,,,,,,,,,,,,,,,0.000000002,,,,,,,,,,,,,,,
e661f08d-3606-3d13-aace-3842ee2cb46a,Emission to air,low population density,Oxygen,,kg,,,,,,,,,,,,,,,,,,,,,,,,,,,11817,,,,,,,,,,,,,,,,,,,,,,,,,,,,,,,,,,,,,,,,,
3c12ea56-b2b0-3fb0-9214-46dc9af0ff0b,Resource,air,Oxygen,,kg,,,,,,,,,,,,,,,,,,,,,,,,,,,,,,,,,,,,,,,,,,,,,,,,,,,,-0.27,,,,,,,,,,,,,,,,
4455910b-affc-3fe1-a3bb-4e823b5b5794,emission,water,p-Cresol,,kg,,,,,,0.00000011,6.873E-09,,,,,,,,,,,,,,,,,,,,,,,,,,,,,,,,,,,,,,,,,,,,,,,,,,,,,,,,,,,,,
d221cc8c-6727-32a7-a21a-19e92766ba4e,emission,water,p-Cymene,,kg,,,,,,3.55E-10,4.55E-12,,,,,,,,,,,,,,,,,,,,,,,,,,,,,,,,,,,,,,,,,,,,,,,,,,,,,,,,,,,,,
8e880bf8-6567-3247-afb3-52a7b6c8ab5a,emission,water,p-Xylene,,kg,,,,,,,2.333E-09,,,,,,,,,,,,,,,,,,,,,,,,,,,,,,,,,,,,,,,,,,,,,,,,,,,,,,,,,,,,,
5d740c43-ad82-30f6-a434-445b9766f277,Waste,unspecified,"Packaging waste, paper and board",,kg,,,,,,,,,,,,,,,,,,,,,,,,,,,,,,,,,,,,,,,,,,,,,,,,,,,,0.0011,,,,,,,,,,,,,,,,
0418b561-ecf8-33c8-9c81-225789f15bd3,emission,air,Particulate matter,,kg,,,1.88516E-05,0.00163,,,,,,,,,,,0.0011105,,,,0.00001,16.9,,,,0.000098,0.0085919,,,,,,,,,,,,,,,,,,,,,,,,,,,,0.00001,9.95728E-06,,,,,,,,,,,,,,
4ef93178-f74c-3bb3-af35-313d9712ce0a,troposphere,rural,Particulate matter,,kg,,,,,,,,,,,,,,,,,,,,,,,,,,,,,,,,,,,,,,,,,,,,,,,,,,,,,,,,,,,,,,,,,,,0.000006,
a320e284-d276-3167-89b3-19d790081c08,emission,air,"Particulate matter, > 2.5?m and ? 10?m",,kg,,,0.000001,,,,,,,,,,,0.000042981,,,,,,,,,,,0.00036566,,,,,,,,,,,,,,,,,0.00010772,,,,,,,,,,,0.00002,0.0001,,,,,,,,,,,,,,
5a939c2b-cebf-3060-8862-4a8650caf6dd,emission,air,"Particulate matter, ? 10?m",,kg,,,,,0.002003,,,0.00011972,0.0016503,,,,0.000041673,,,0.000036137,,0.000059854,0.0000049,,0.00026521,,,,,0.000078147,,,0.00000699,0.00000932,0.00000541,0.00000886,0.00000886,0.00000699,,0.00000539,,0.00000589,0.00012115,6.55658E-05,9.54361E-05,,,,,,6.88794E-06,1.32628E-05,8.37382E-07,1.62125E-06,1.5394E-06,,,,0.00024267,,,8.8651E-06,8.7924E-06,,9.1907E-06,0.000009971,0.000010762,,,0.000012372,,0.0045
49a9c581-7c83-36b0-b1bd-455ea4c665a6,emission,air,"Particulate matter, ? 2.5?m",,kg,,,0.00001,,,,,,,,,,,,,,,,0.000025,,,,,,,,,,,,,,,,,0.00000485,,0.00000535,,,,,,,,,5.04624E-06,9.71654E-06,6.13482E-07,1.18776E-06,1.12779E-06,,0.0000091,,,,,,,,,,,,,,,
6c7402f5-173f-358a-8724-db60071b5091,emission,air,Pentane,,kg,,,,,,,,,,,,,,,,,,,,,,,,,,,,,,,,,,,,,,,,,,,,,,,,,,,,,0.00001,,,,,,,,,,,,,,,
c92226bf-aad5-3de0-808c-b01975bae521,emission,water,"Pentanone, methyl-",,kg,,,,,,1.49E-08,,,,,,,,,,,,,,,,,,,,,,,,,,,,,,,,,,,,,,,,,,,,,,,,,,,,,,,,,,,,,,
12ae4a71-1402-36e9-ada8-fe6cb98c56ee,emission,air,Phenanthrene,,kg,,,,,1.35E-09,,,,,,,,5.9651E-10,,1.0558E-09,,,,,,,,,,1.35E-09,,,,,,,,,,,,,,,,,,,,,,,,,,,,,,,,,,,,,,,,,,,
f4d494d1-6e82-3f63-a2d5-610f40dc08b4,emission,water,Phenanthrene,,kg,,,,,,1.01E-09,1.756E-10,,,,,,,,,,,,,,,,,,,,,,,,,,,,,,,,,,,,,,,,,,,,,,,,,,,,,,,,,,,,,
08e63ddf-e187-31d8-8acd-47ba881b2812,emission,water,"Phenanthrenes, alkylated, unspecified",,kg,,,,,,1.19E-09,2.917E-10,,,,,,,,,,,,,,,,,,,,,,,,,,,,,,,,,,,,,,,,,,,,,,,,,,,,,,,,,,,,,
45880be9-788f-387b-8b1b-c38615cc48e2,emission,air,Phenol,,kg,,,,,0.000000008,,,,,,,,,,,,,,,,,,,,0.000000008,,,,,,,,,,,,,,,,,,,,,,,,,,,,,,,,,,,,,,,,,,,
82fcc18d-8502-385b-8749-17b8f19fd177,emission,water,Phenol,,kg,,,,,,0.00000158,7.241E-08,,,,,,,,,,,,0.0000001,,,,,,,,,,,,,,,,,,,,,,,,,,,,4.94989E-08,9.53103E-08,6.01769E-09,1.16508E-08,1.10626E-08,,0.00000001,,,,,,,,,,,,,,,
48b51613-f8fc-326e-8cae-bc6394e237c8,emission,air,Phenols,,kg,,,,,0.000000008,,,4.0386E-07,,,,,3.5349E-09,1.3433E-07,6.2564E-09,,,1.1466E-07,,,,,,,0.000000008,,,,,,,,,,,,,,,,,,,,,,,,,,,,,,4.3531E-07,,,,,,,,,,,,,0.000000459
12812f0a-dd3e-3a55-b1fc-9fc7d5ea994f,emission,water,Phenols,,kg,,,,,,,,,,,,,,,,,,,,,,,,,,,,,,,,,,,,,,,,,,,,,,,,,,,,,,0.000001,,,,,,,,,,,,,,
51ebde71-b96d-32e0-a8e3-d57f5e7f97fb,urban,ground-level,Phenyl ether,,kg,,,,,,,,,,,,,,,,,,,,,,,,,,,,,,,,,,,,,,,,,,,,,,,,,,,,,0.00001,,,,,,,,,,,,,,,
1ab24e9c-18f9-3aeb-a968-d1c6f25a1ef4,Resource,ground,Phosphate ore,,kg,,,,,,,,,,,,,,,,,,,,,,,,,,,,,,,,,,,,,,,,,,,,,,,,,,,,-0.0004,,,,,,,,,,,,,,,,
1733622b-b54a-3202-8e58-4670a96ef6b3,emission,water,Phosphorus,,kg,,,,,,,,,,,,,,,,,,,,,,,,,,,,,,,0.000000587,,,,,,,,,,,,,,,,,,,,,0.00024,0.0000001,,,,,,,,,,,,,,,
419eda5b-e24d-3698-8d8a-ec9f79cacf0f,Waste,unspecified,Plastic waste,,kg,,,,,,,,,,,,,,,,,,,,,,,,,,,,,,,,,,,,,,,,,,,,,,,,,,,,0.000073,,,,,,,,,,,,,,,,
3bf6bb55-a2d2-36a1-988c-3caf0d73baf9,emission,air,Polycyclic aromatic hydrocarbons,,kg,,,,,,,,,2.7921E-06,,,,,,,,,,,,2.5164E-06,,,,,,,,,,,,,,,,,,,,,3.5945E-08,,,,,,,,,,,,,,,,,,,,,,,,,,
c19325cf-8ba0-34b3-b560-7e2db346d382,emission,air,Polycyclic organic matter,,kg,,,,,,,,,,,,,,,,,,,,,,,,,,,,,,,,,,,,,,,,,,,,,,,1.22034E-08,2.34977E-08,1.4836E-09,2.87237E-09,2.72736E-09,,,,,,,,,,,,,,,,,
d7561431-fe1f-3854-862b-a3d2840d39e1,emission,air,Propane,,kg,,,,,,,,,,,,,,,,,,,,,,,,,,,,,,,,,,,,,,,,,,,,,,,,,,,,,0.0000002,,,,,,,,,,,,,,,
592fa548-20aa-36e9-b703-68be0ff6f30a,emission,air,Propionaldehyde,,kg,,,,,0.00000019,,,,,,,,,,,,,,,,,,,,0.00000019,,,,,,,,,,,,,,,,,,,,,,,,,,,,,,,,,,,,,,,,,,,
2014edbf-fd15-3674-8927-701264cb597f,emission,air,Propylene,,kg,,,,,,,,,0.000042879,,,,,,,,,,,,0.000038644,,,,,,,,,,,,,,,,,,,,,,,,,,,,,,,,0.000013,,,,,,,,,,,,,,,
2d6ad8a3-2e52-39c0-ba55-d9ad379705cb,emission,water,Propylene glycol,,kg,,,,,,,,,,,,,,,,,,,0.000001,,,,,,,,,,,,,,,,,,,,,,,,,,,,,,,,,,,,,,,,,,,,,,,,,
4925db0d-7f56-3efa-ada9-eb799c3edd5b,emission,air,Propylene oxide,,kg,,,,,,,,,,,,,,,,,,,,,,,,,,,,,,,,,,,,,,,,,,4.7383E-07,,,,,,,,,,,,,,,,,,,,,,,,,,
b51b5cbd-b0cb-3104-b03b-4fbc12829a9e,emission,air,Pyrene,,kg,,,,,1.65E-10,,,,,,,,7.2906E-11,,1.2904E-10,,,,,,,,,,1.65E-10,,,,,,,,,,,,,,,,,,,,,,,,,,,,,,,,,,,,,,,,,,,
190624ea-8ca6-383c-aeb4-8efa942b544f,emission,air,Radionuclides,,kBq,,,,,,,,0.10827,,,,,12.5,0.036011,22.13,0.0010215,,0.030737,,,,,,,,,,,,,,,,,,,,,0.0034247,0.0034247,0.0034247,,,,,,,,,,,,,,0.099393,,,,,,,,,,,,,
cf99fc3b-5c94-31ca-a16b-c6c1f48b5054,emission,water,Radionuclides,,kBq,,,,,,,,,,,,,,,,,,,,18000,,,,,,,,,,,,,,,,,,,,,,,,,,,,,,,,,,,,,,,,,,,,,,,,
444176fb-329e-3745-91e5-e2aefd718b28,emission,air,Radionuclides (Including Radon),,kg,,,,,,,,,,,,,,,,,,,,15.5,,,,,,,,,,,,,,,,,,,,,,,,,,,,,,,,,,,,,,,,,,,,,,,,
643aef04-de1f-3c91-a4d8-71f164dbe30f,emission,water,Radium-226,,kBq,,,,,,0.004736,0.000296185,,,,,,,,,,,,,,,,,,,,,,,,,,,,,,,,,,,,,,,,,,,,,,,,,,,,,,,,,,,,,
02ee8bfe-ea2c-3dfd-944d-53bd8c43a42a,emission,water,Radium-228,,kBq,,,,,,0.00657,0.0004095,,,,,,,,,,,,,,,,,,,,,,,,,,,,,,,,,,,,,,,,,,,,,,,,,,,,,,,,,,,,,
ba9e55fd-c5a6-41ef-9488-d6a6ee08f510,Technosphere Flows,CUTOFF Flows,"Recycling, hazardous waste, to recovery",,kg,,,,,,,,,,,,,,,,,,,,,,,,,,,,,,,,,,,,,,,,,,,,,,,,,,,,,0.00000088,,,,,,,,,,,,,,,
8191e38b-421f-4348-a2e0-29303147f2d1,Technosphere Flows,CUTOFF Flows,"Recycling, solid waste, to recycling or reuse",,kg,,,,,,,,,,,,,,,,,,,0.0003,,,,,,,,,,,,,,,,,,,,,,,,,,,,,,,,,,0.00026,,,,,,,,,,,,,,,
838d9e24-cef2-30ca-a31c-38c1e8aaf3b7,ground,subterranean,Sand,,kg,,,,,,,,,,,,,,,,,,,,,,,,,,,,,,,,,,,,,,,,,,,,,,,,,,,,-0.00085,,,,,,,,,,,,,,,,
b6db14bd-73e9-3f02-852a-e8b5e60bbc61,emission,air,Selenium,,kg,,,,,0.00000065,,,2.493E-07,,,,,2.8721E-07,2.7221E-08,5.0834E-07,1.1467E-10,,2.1556E-08,,,,,,,0.00000065,,,,,,,,,,,,,,3.8444E-10,3.8444E-10,3.8444E-10,,,,,,,,,,,,,,8.1841E-08,,,,,,,,,,,,,2.52E-08
215fdef5-4bee-3402-b597-d0ae5c449b3b,emission,water,Selenium,,kg,,,,,,3.86E-08,2.542E-09,,,,,,,,,,,,,0.0433,,,,,,,,,,,,,,,,,,,,,,,,,,,3.50472E-10,6.74835E-10,4.26077E-11,8.24923E-11,7.83276E-11,,,,,,,,,,,,,,,,,
a4630e3f-a739-3241-ab29-39190b9fa0eb,Resource,unspecified,Shale,,kg,,,,,,,,,,,,,,,,,,,,,,,,,,,,,,,,,,,,,,,,,,,,,,,,,,,,-0.000026,,,,,,,,,,,,,,,,
4020c94c-829f-3e41-be2b-69255638d06b,emission,water,Silicate group,,kg,,,,,,,,,,,,,,,,,,,,,,,,,,,,,0.00000074,,,,,0.00000074,,,,,,,,,,,,,,,,,,,,,,,,,,,,,,,,,,
f3c908b3-a355-388d-aa06-adbfb8ce12dc,emission,water,Silver,,kg,,,,,,0.00000747,0.000000311,,,,,,,,,,,,,,,,,,,,,,,,,,,,,,,,,,,,,,,,,,,,,,,,,,,,,,,,,,,,,
b417665b-91e7-3e73-88df-1bc8e4fe3266,Waste,unspecified,Slags and ashes,,kg,,,,,,,,,,,,,,,,,,,,,,,,,,,,,,,,,,,,,,,,,,,,,,,,,,,,0.00057,,,,,,,,,,,,,,,,
ba614600-af03-39a6-a0f5-897debdf159c,emission,water,Sodium,,kg,,,,,,,,,,,,,,,,,,,,,,,,,,,,,,0.0119,,,,,,,,,,,,,,,,,,,,,,0.0097,,,,,,,,,,,,,,,,
f6c31640-a78e-4666-b1a1-a3eb174523d2,Resource,unspecified,Sodium chloride,,kg,,,,,,,,,,,,,,,,,,,,,,,,,,,,,,,,,,,,,,,,,,,,,,,,,,,,-0.057,,,,,,,,,,,,,,,,
81fab966-bdc6-3429-8d8b-3d2bd057f928,emission,water,Sodium(I),,kg,,,,,,0.0362,0.001477,,,,,,,,,,,,,0.358,,,,,,,,,,,,,,,,,,,,,,,,,,,,,,,,,,,,,,,,,,,,,,,,
42904b8f-ac78-3e54-8774-2d117b505a09,emission,water,Strontium,,kg,,,,,,0.000194,0.00001204,,,,,,,,,,,,,,,,,,,,,,,,,,,,,,,,,,,,,,,,,,,,,,,,,,,,,,,,,,,,,
69bc8b47-09b5-3a09-b7f4-3e4d2925ce5a,emission,air,Styrene,,kg,,,,,1.25E-08,,,,,,,,,,,,,,,,,,,,1.25E-08,,,,,,,,,,,,,,,,,,,,,,,,,,,,,,,,,,,,,,,,,,,
ae949cd2-45b1-39fb-9c52-943019cdba9b,emission,water,Styrene,,kg,,,,,,,,,,,,,,,,,,,0.00001,,,,,,,,,,,,,,,,,,,,,,,,,,,,,,,,,,,0.000000001,,,,,,,,,,,,,,
0c241f3e-aa86-3804-8bd8-6082e2ad201f,emission,water,Sulfate,,kg,,,,,,0.000258,0.00001056,,,,,,,,,,,,,250,,,,,,,,,0.00000795,0.00005,,0.00151,0.00151,0.00000795,,,,,,,,,,,,,,,,,,0.028,,,,,,,,,,,,,,,,
caa29242-717c-37bd-b57b-de22a122d579,emission,water,Sulfide,,kg,,,0.000001,,,,,,,,,,,,,,,,,,,,,,,,,,,,,,,,,,,,,,,,,,,,4.07638E-08,7.84908E-08,4.95575E-09,9.59477E-09,9.11038E-09,,0.0000001,,,,,,,,,,,,,,,
40909f94-a484-353e-9a4b-4ec6a1fb966f,emission,water,Sulfur,,kg,,,,,,0.00000942,5.268E-07,,,,,,,,,,,,,,,,,,,,,,,,,,,,,,,,,,,,,,,,,,,,,,,,,,,,,,,,,,,,,
a2bb0239-156c-43d3-a41c-b5b4140785ec,Resource,unspecified,Sulfur,,kg,,,,,,,,,,,,,,,,,,,,,,,,,,,,,,,,,,,,,,,,,,,,,,,,,,,,-0.34,,,,,,,,,,,,,,,,
f4973035-59f5-3bdc-b257-b274dcc04e0f,emission,air,Sulfur dioxide,,kg,,,,,0.016585,,,,,,,,0.006766,,0.0056347,,,,0.00002,49.7,,,,,0.012889,,,,0.000000412,0.000000549,0.00000279,0.000000521,0.000000521,0.000000412,,0.00045,,0.00045,,,,,,,,,5.40292E-05,0.000104033,6.56845E-06,1.27171E-05,1.20751E-05,,,,,,,,,,,,,,,,,
8c52f40c-69b7-4538-8923-b371523c71f5,Emission to air,high population density,Sulfur dioxide,,kg,,,,,,,,,,,,,,,,,,,,,,,,,,,,,,,,,,,,,,,,,,,,,,,,,,,,0.00049,,,,,,,,,,,,,,,,
42e4c3cb-8468-3004-bd4b-19e6cbb81687,emission,air,Sulfur oxides,,kg,,,0.00044295,,,,,0.0005986,0.0005986,,,,,0.0002149,0.0043278,3.0205E-06,,0.0012617,,0.0177,0.00050092,0.000029,,,,,,,,,,,,,,,,,0.000010126,0.000059,0.000705397,0.000010126,,,,,,,,,,,0.000000059,4.42194E-06,0.0051155,,,6.1985E-06,0.000090312,,0.00001759,0.000003183,0.000050468,,,4.1881E-06,0.000024,0.000225
ed34465d-dcb1-3926-a995-ee361882cb1e,emission,water,Surfactants,,kg,,,,,,,0.000000121,,,,,,,,,,,,,,,,,,,,,,,,,,,,,,,,,,,,,,,,,,,,,,,,,,,,,,,,,,,,,
f0c2682e-2a68-33f1-80bb-005ee7844eb0,emission,water,"Suspended solids, inorganic",,kg,,,0.000001,0.0001,2.0108E-06,0.00977,0.002324,1.0669E-06,,,,,1.7769E-06,3.5484E-07,1.9457E-06,,,3.1472E-07,0.00001,7.66,,,,0.00000198,1.6008E-06,,,,,,,,,,,,,,,,,,,,,,6.11457E-06,1.17736E-05,7.43362E-07,1.43922E-06,1.36656E-06,0.00046,0.000023,2.80768E-06,1.2872E-06,,,,,,,,,,,,,
22b4fc7f-687e-3a50-b586-5d7b2b25e627,Waste,unspecified,"Tailings, unspecified",,kg,,,,,,,,,,,,,,,,,,,,,,,,,,,,,,,,,,,,,,,,,,,,,,,,,,,,0.000093,,,,,,,,,,,,,,,,
984f3962-1a35-3813-bbf1-e3887be06b6f,emission,air,Tetrachloroethylene,,kg,,,,,2.15E-08,,,9.141E-09,,,,,9.4999E-09,3.0403E-09,1.6814E-08,,,2.5951E-09,,,,,,,2.15E-08,,,,,,,,,,,,,,,,,,,,,,,,,,,,,,8.3916E-09,,,,,,,,,,,,,
670a7e81-4e50-3ee6-9a86-3e31d4f05778,emission,water,Tetradecane,,kg,,,,,,8.62E-08,5.065E-09,,,,,,,,,,,,,,,,,,,,,,,,,,,,,,,,,,,,,,,,,,,,,,,,,,,,,,,,,,,,,
6051a1f6-90e3-3231-b4e6-fdd69c961129,emission,water,Thallium,,kg,,,,,,0.000000042,2.771E-09,,,,,,,,,,,,,,,,,,,,,,,,,,,,,,,,,,,,,,,,,,,,,,,,,,,,,,,,,,,,,
e169f5f8-18bf-33b2-94d6-7c95d5a83259,emission,water,Tin,,kg,,,,,,0.000000799,5.172E-08,,,,,,,,,,,,,,,,,,,,,,,,,,,,,,,,,,,,,,,,,,,,,,,,,,,,,,,,,,,,,
0f2dc726-d62a-3a67-bf97-af90ef81af0a,emission,water,Titanium,,kg,,,,,,0.00000306,2.022E-07,,,,,,,,,,,,,,,,,,,,,,,,,,,,,,,,,,,,,,,,,,,,,,,,,,,,,,,,,,,,,
cec4a04d-562a-4a38-a98f-5fb3d07eea6b,Emission to water,unspecified,"TOC, Total Organic Carbon",,kg,,,,,,,,,,,,,,,,,,,,,,,,,,,,,,,,,,,,,,,,,,,,,,,,,,,,0.000053,,,,,,,,,,,,,,,,
3f72fe9c-b003-38ee-b8d2-13a84f60506c,emission,air,Toluene,,kg,,,,,0.00000012,,,,6.7975E-06,,,,,,,,,,,,6.1261E-06,,,,0.00000012,,,,,,,,,,,,,,,,,0.000002124,,,,,,,,,,,,,,,,,,,,,,,,,,
f7ebc6df-b3ee-30de-b6e8-c70e155854b3,emission,water,Toluene,,kg,,,,,,0.00000563,2.421E-07,,,,,,,,,,,,0.00001,,,,,,,,,,,,,,,,,,,,,,,,,,,,,,,,,,0.000000001,0.0000001,,,,,,,,,,,,,,
39946c56-cdf6-4a22-9ac9-1cd333b65533,Emission to air,high population density,Toluene,,kg,,,,,,,,,,,,,,,,,,,,,,,,,,,,,,,,,,,,,,,,,,,,,,,,,,,,0.000002,,,,,,,,,,,,,,,,
61a45604-2ff4-384b-8d90-bae7206c2540,emission,water,Total dissolved solids,,kg,,,0.000105404,,,0.158,0.006472,,,,,,,,,,,,0.00000001,,,,,,,,,,0.00372,0.0508,0.0467,0.00391,0.00391,0.00372,,,,,,,,,,,,,,,,,,,0.00032,,,,,,,,,,,,,,,
2f1ba44b-e661-3677-81dd-ff0086adf2fe,emission,air,Total Organic Carbon,,kg,,,,,,,,,,,,,,,,,,,,,,0.0036,,,,,,,,,,,,,,,,,,,,,,,,,,,,,,,,,,,,,,,,,,,,,,0.00003681
cbf6df8e-c4a2-3920-a97a-2238ccb7bc6c,emission,water,Total Organic Carbon,,kg,,,0.00000001,,,,,,,,,,,,,,,,0.000000001,,,,,,,,,,,,0.000606,,,,,,,,,,,,,,,,,,,,,,,0.000001,,,,,,,,,,,,,,
5ad60ebf-0454-3157-ba57-5e989b8bbbfe,Technosphere Flows,CUTOFF Flows,"Transport, pipeline, coal slurry",,t*km,,,,,-0.0050212,,,,,,,,-0.0022186,,,,,,,,,,,,,,,,,,,,,,,,,,,,,,,,,,,,,,,,,,,,,,,,,,,,,,,
53effec4-058b-3ab7-b7d5-005d39dd0eb9,emission,air,Tribromomethane,,kg,,,,,1.95E-08,,,,,,,,,,,,,,,,,,,,1.95E-08,,,,,,,,,,,,,,,,,,,,,,,,,,,,,,,,,,,,,,,,,,,
94f485ec-4c91-3a41-9164-7af3d249d316,ground,subterranean,Uranium,,kg,,,,,,,,,,,,,,,,,,,,,,,,,,,,,,,,,,,,,,,,,,,,,,,,,,,,,,,,,,,,,,,,,,,-0.000000048,
17f224af-6c5a-39df-892e-ea4c10be928a,Resource,ground,Uranium oxide,,MJ,,,,,,,,,,,,,,,,,,,,-3618800,,,,,,,,,,,,,,,,,,,,,,,,,,,,,,,,,,,,,,,,,,,,,,,,
f5d6980f-0bab-38e7-a203-95da64eb6091,emission,water,Vanadium,,kg,,,,,,9.65E-08,5.731E-09,,,,,,,,,,,,,,,,,,,,,,,,,,,,,,,,,,,,,,,,1.17191E-08,2.25652E-08,1.42472E-09,2.75838E-09,2.61912E-09,,,,,,,,,,,,,,,,,
ca50de59-971c-3414-8f6b-3a1b0062aba8,emission,air,Vinyl acetate,,kg,,,,,3.8E-09,,,,,,,,,,,,,,,,,,,,3.8E-09,,,,,,,,,,,,,,,,,,,,,,,,,,,,,,,,,,,,,,,,,,,
6f861846-1c4c-3fc9-a198-56b2d9abd83b,emission,air,Volatile organic compounds,,kg,,,0.00001,0.0000257,0.00014006,,,0.00002408,0.0013519,,,,0.000024904,8.6449E-06,0.000022617,0.00002637,,0.000023942,0.00013,,0.0028351,,,,0.000031513,0.000045544,,,0.0000826,0.00011,0.00000172,0.000205,0.000105,0.0000826,,0.0002,,0.0002,0.000088405,0.000088405,0.000088405,0.00003438,,,,,0.000148424,0.000285791,1.80442E-05,3.49353E-05,3.31716E-05,,,0.000122933,0.000035907,,,0.000013237,0.000013128,,0.000026292,0.000014888,0.000016069,,,0.000018466,,
2f3242cd-2f6b-38ae-9e23-f75559aa000a,Waste,unspecified,Waste to recycling,,kg,,,,,,,,,,,,,,,,,,,,,,,,,,,,,,,,,,,,,,,,,,,,,,,,,,,,0.0024,,,,,,,,,,,,,,,,
fd265cb4-b88a-3aa8-9b63-c338f1894c31,Waste,unspecified,"Waste, from incinerator",,kg,,,,,,,,,,,,,,,,,,,,,,,,,,,,,,,,,,,,,,,,,,,,,,,,,,,,0.0012,,,,,,,,,,,,,,,,
5d4e2a94-98a6-352c-bb33-54d7257bf2a6,Waste,unspecified,"Waste, industrial",,kg,,,,,,,,,,,,,,,,,,,,,,,,,,,,,,,,,,,,,,,,,,,,,,,,,,,,0.0003,,,,,,,,,,,,,,,,
e2eb491c-78ff-3123-9e42-494c7d199b44,Resource,water,Water,,kg,,,,,,,,,,,,,,,,,,,-3.5,,,-4.8,,,,,,,-1.377,,,-0.638,-0.638,-0.6856,,-0.28754,,-0.28754,,,,,,,,,,,,,,,-1.25,-0.353770805,,,,,,,,,,,,,,
fe0acd60-3ddc-11dd-ac06-0050c2490048,Emission to air,high population density,Water vapour,,kg,,,,,,,,,,,,,,,,,,,,,,,,,,,1613,,,,,,,,,,,,,,,,,,,,,,,,,,,,,,,,,,,,,,,,,
8ba7dd57-b502-397b-944a-f63c6615f754,Resource,water,"Water, fresh",,kg,,,,,,,,,,,,,,,,,,,,,,,,,,,-29436,,,,,,,,,,,,,,,,,,,,,,,,,,,,,,,,,,,,,,,,,
15ae10d6-c0de-367c-9261-b686f723bb01,Resource,in water,"Water, groundwater consumption",,kg,,,,,,,,,,,,,,,,,,,,,,,,,,,,,,,,,,,,,,,,,,,,,,,,,,,,-185,,,,,,,,,,,,,,,,
b89103a6-91b2-3701-b3ea-af50f7ad0547,Resource,biotic,Wood,,kg,,,,,,,,,,,,,,,,,,,,,,,,,,,,,,,,,,,,,,,,,,,,,,,,,,,,,,,,,,,,,,,,,,,-1.006,
f99ba19c-1f18-3c01-8b48-5986ed108a77,Waste,unspecified,Wood waste,,kg,,,,,,,,,,,,,,,,,,,,,,,,,,,,,,,,,,,,,,,,,,,,,,,,,,,,0.00014,,,,,,,,,,,,,,,,
aef9d0ff-6482-3b1d-a53e-4d738bdcd9b1,emission,air,Xylene,,kg,,,,,1.85E-08,,,,4.7367E-06,,,,,,,,,,,,4.2688E-06,,,,1.85E-08,,,,,,,,,,,,,,,,,1.0457E-06,,,,,,,,,,,,,,,,,,,,,,,,,,
11b4481a-d297-349a-89fc-102009c1410c,emission,water,Xylene,,kg,,,,,,3.0284E-06,1.163E-07,,,,,,,,,,,,0.000001,,,,,,,,,,,,,,,,,,,,,,,,,,,,,,,,,,,0.000000001,,,,,,,,,,,,,,
5f38d379-fe5b-354c-83b3-cba734266e82,emission,water,Yttrium,,kg,,,,,,0.000000024,1.482E-09,,,,,,,,,,,,,,,,,,,,,,,,,,,,,,,,,,,,,,,,,,,,,,,,,,,,,,,,,,,,,
435bfa52-d2d3-3760-abf4-27de892972ac,emission,air,Zinc,,kg,,,,,,,,6.648E-08,,,,,,,,,,,,,,,,,,,,,,,,,,,,,,,,,,,,,,,,,,,,,,,,,,,,,,,,,,,,
41f104ab-8f49-3924-9b57-98ed81cd54a0,emission,water,Zinc,,kg,,,,,,0.00000734,4.787E-07,,,,,,,,,,,,,0.193,,,,,,,,,,,,,,,,,,,,,,,,,,,,,,,,,0.00000001,,,,,,,,,,,,,,,
f65de94f-7473-4d05-92d1-e9885bec19a5,Resource,biotic,"Zinc, Zn 3.1%, in mixed ore",,kg,,,,,,,,,,,,,,,,,,,,,,,,,,,,,,,,,,,,,,,,,,,,,,,,,,,,-0.000033,,,,,,,,,,,,,,,,
