,,,,,,UUID,9633f34c-680a-34e2-8533-5b473c5c921b,9048e8e2-d663-37f8-8014-b8a48c6d00b0,5c5a70b8-f00b-30a8-a67d-b618766f5bb7,2f299840-50d1-3ac2-bfda-b2c3e14d9c7c,16bcc409-30c1-352b-8e42-41654b157f6a,fd30c369-56ff-3239-8a03-c100dd148b96,f3efe9ac-4521-319c-8e9f-9ca9ad74629a,2c890149-5339-3a3e-ab8a-05373f4fcbc7,5baabd2b-3d4e-3018-8ae9-b16c7d5cd607,534f8390-00cb-3b0e-91fe-74502f6dee34,248f34fb-d68a-39b1-b1a1-4fa46fa08bd2,e2133038-f492-3050-a62c-be41945a171e,e84c05f0-3b99-374b-8f9e-3e1879f50066,b9d76bbb-a31a-3598-9456-0ab6b394a476,42e8f556-e8f5-3952-a51a-2a4c0c0eda74,501f0638-e594-3065-a7d5-cd8c140bb726,97b8669b-99da-3470-abfe-a6cc207d0c47,d12feb1b-7b16-38b3-9a88-55a1d26701a6
,,,,,,Sub category,Ecosyste damage ozone formation,Fossil resource scarcity,Freshwater ecotoxicity,Freshwater eutrophication,Global Warming,Human carcinogenic toxicity,Human damage ozone formation,Human noncarcinogenic toxicity,Ionizing radiation,Land occupation,Marine ecotoxicity,Marine eutrophication,Mineral resource scarcity,Particulate matter formation,Stratospheric ozone depletion,Terrestrial acidification,Terrestrial ecotoxicity,Water consumption
,,,,,,Category,ReCiPe 2016 - Midpoint/I,ReCiPe 2016 - Midpoint/I,ReCiPe 2016 - Midpoint/I,ReCiPe 2016 - Midpoint/I,ReCiPe 2016 - Midpoint/I,ReCiPe 2016 - Midpoint/I,ReCiPe 2016 - Midpoint/I,ReCiPe 2016 - Midpoint/I,ReCiPe 2016 - Midpoint/I,ReCiPe 2016 - Midpoint/I,ReCiPe 2016 - Midpoint/I,ReCiPe 2016 - Midpoint/I,ReCiPe 2016 - Midpoint/I,ReCiPe 2016 - Midpoint/I,ReCiPe 2016 - Midpoint/I,ReCiPe 2016 - Midpoint/I,ReCiPe 2016 - Midpoint/I,ReCiPe 2016 - Midpoint/I
,,,,,,Unit,kg NOx-eq,kg oil-eq,"1,4-DCB eq. emitted to freshwater",kg P-eq. to freshwater,kg CO2eq,"1,4-DCB eq. emitted to urban air",kg NOx-eq,"1,4-DCB eq. emitted to urban air",kBq Co-60 to air eq,m2*a,"1,4-DCB eq. emitted to seawater",kg N-eq to marine water,kg Cu-eq,kg PM2.5-eq,kg CFC11-eq,kg SO2-eq,"1,4-DCB eq. emitted to industrial soil",m3
UUID,Category,Sub category,Elementary flowname,Elementary flow location,Unit,,,,,,,,,,,,,,,,,,,
0c56aee4-7e22-3e85-8e83-34829f3e8304,emission,air,"1,1,1-Trichloroethane",,kg,,-0.00585,,8.20E-05,,578,,-0.00363,0.305485,,,0.068976,,,,0.396,,0.201721,
823b01d3-848d-3009-9b84-0711f7a9e175,fresh water body,river,"1,1,1-Trichloroethane",,kg,,,,0.120142,,,,,0.279581,,,0.070356,,,,,,0.192906,
01449f04-5638-3bfa-adbf-4391bb7da810,air,stratosphere,"1,2-Dichloroethane",,kg,,,,0.000157,,3,1.989412,,,,,0.017831,,,,,,0.410414,
c2d517e6-4c5d-3002-8a0d-54434c5a3bae,emission,air,"1,2-Dichloroethane",,kg,,,,0.000157,,3,1.989412,,,,,0.017831,,,,,,0.410414,
b7503034-5946-3ef9-8fa9-ec016ce41da9,emission,water,"1,2-Dichloroethane",,kg,,,,0.055358,,,1.793889,,,,,0.018538,,,,,,0.386905,
457411b2-4dac-3eb2-965d-97b60660afa2,emission,air,"1,3-Butadiene",,kg,,0.520206,,,,,0.681055,0.322764,3.410612,,,,,,,,,,
1f799425-898b-34ee-9bff-250472b98b2e,emission,water,"1,3-Butadiene",,kg,,,,,,,0.199328,,1.018525,,,,,,,,,,
46eb09ca-7812-34e0-a931-1efd04492c44,troposphere,very high,"1,3-Butadiene",,kg,,0.520206,,,,,0.681055,0.322764,3.410612,,,,,,,,,,
f5fa456c-34ed-39a3-868a-377e30ed76c6,emission,air,"1,4-Dioxane",,kg,,,,6.09E-05,,,0.383002,,,,,0.000206,,,,,,0.360385,
b51f43e4-5a5f-3eb7-921f-6d3746d33fb6,emission,water,"1,4-Dioxane",,kg,,,,0.006237,,,0.184055,,,,,0.000231,,,,,,0.154146,
ad64464c-1ff3-36e2-b7cd-8e404a62f7f2,emission,air,1-Butene,,kg,,0.488058,,,,,,0.302818,,,,,,,,,,,
f5a30284-67a4-3a99-83ee-b7a486a2d196,emission,air,1-Hexene,,kg,,0.514361,,,,,,0.319137,,,,,,,,,,,
47c8b76f-f52e-3f52-bccf-19eb92a9fd54,emission,water,1-Methylfluorene,,kg,,,,,,,,,,,,,,,,,,,
837fe205-9c25-3550-84bc-3f5285f9a25d,emission,air,1-Octene,,kg,,,,,,,,,,,,,,,,,,,
ceb19cad-78ed-3635-902c-d7ac03e5b830,emission,air,"2,3,7,8-Tetrachlorodibenzo-p-dioxin",,kg,,,,,,,84527178,,,,,,,,,,,,
6bb0e0ee-59dd-3795-b0fb-ffbdf23ec4b4,water,fresh water body,"2,3,7,8-Tetrachlorodibenzo-p-dioxin",,kg,,,,,,,2.01E+08,,,,,,,,,,,,
9fbf4799-8de2-3760-bb42-6b8128228f04,emission,air,"2,4-Dimethylphenol",,kg,,0.31563,,0.006749,,,,0.195834,0.392086,,,0.019458,,,,,,0.765264,
c979ddf8-5576-36eb-bc76-040e01f99cc6,emission,water,"2,4-Dimethylphenol",,kg,,,,4.489123,,,,,0.903855,,,0.109274,,,,,,0.111797,
7fdbc046-29ad-3377-a9c1-a45031e0cd53,emission,air,"2,4-Dinitrotoluene",,kg,,,,2.9271,,,,,189.3145,,,1.923491,,,,,,2490.2,
bc661fdc-7c3a-3ce3-81dd-7c3ac1f859a8,air,stratosphere,2-Chloroacetophenone,,kg,,,,,,,,,5888.624,,,,,,,,,,
0bf913b1-486a-3ce1-991b-d1e8687b67e0,emission,air,2-Chloroacetophenone,,kg,,,,,,,,,5888.624,,,,,,,,,,
f7cebd38-4cdb-39ba-aa58-b9970b32743c,emission,water,2-Hexanone,,kg,,,,,,,,,,,,,,,,,,,
f5909dac-f3da-44a5-8890-0d2a36500e17,Emission to air,lower stratosphere + upper troposphere,2-Hexanone,,kg,,,,,,,,,,,,,,,,,,,
92c83b8e-2ed2-31af-a119-b29023aa3798,emission,air,2-Methylbutane,,kg,,0.19873,,,,,,0.123303,,,,,,,,,,,
5f3bb2ec-d153-3cb5-9bc1-3eef8f44bf67,emission,air,2-Methylnaphthalene,,kg,,,,0.000806,,,,,0.800297,,,0.014348,,,,,,0.232763,
8ec9de49-e009-3d2f-bc58-502fb0da5a3f,emission,water,2-Methylnaphthalene,,kg,,,,6.26578,,,,,0.754809,,,0.132461,,,,,,0.292119,
5131a370-a6cf-3a72-8756-6aa30666e3f7,emission,air,2-Methylpentane,,kg,,0.239645,,,,,,0.148689,,,,,,,,,,,
e938bd59-d414-3da4-b524-a13c18a50706,emission,water,3-Methylcholanthrene,,kg,,,,,,,,,,,,,,,,,,,
7795f13f-6ea8-34c4-8c93-6f69152545cf,Emission to air,lower stratosphere + upper troposphere,3-Methylcholanthrene,,kg,,,,,,,,,,,,,,,,,,,
647cac25-44c0-35e5-88c8-8935f2660071,emission,air,5-Methylchrysene,,kg,,,,,,,,,,,,,,,,,,,
675d27f1-91b6-3a26-b747-2d8f5fdfa02f,emission,air,"7,12-Dimethylbenz[a]anthracene",,kg,,,,,,,,,,,,,,,,,,,
a1786d5d-c7f9-3cb2-9879-cf0325b72658,emission,water,"7,12-Dimethylbenz[a]anthracene",,kg,,,,,,,,,,,,,,,,,,,
43aed9d7-5a9b-3f3e-8d51-cc8bebd9a9a1,emission,air,Acenaphthene,,kg,,,,0.003802,,,,,0.11602,,,0.10019,,,,,,1.177592,
f6432a5a-eb35-4395-9909-5d0e17296681,Emission to air,lower stratosphere + upper troposphere,Acenaphthene,,kg,,,,,,,,,,,,,,,,,,,
34b07e52-3833-3665-aeec-01aed3f78362,emission,air,Acenaphthylene,,kg,,,,,,,,,,,,,,,,,,,
0a984053-85e7-4568-8003-16c12eb2aeda,Emission to air,lower stratosphere + upper troposphere,Acenaphthylene,,kg,,,,,,,,,,,,,,,,,,,
09dc3fe9-7e57-321f-9e04-34375bf2a0b7,emission,air,Acetaldehyde,,kg,,0.321475,,0.000417,,,0.20366,0.199461,3.498403,,,0.006605,,,,,,0.332928,
43a7e8ef-634e-401b-92f1-32cb42f226ac,Emission to air,lower stratosphere + upper troposphere,Acetaldehyde,,kg,,,,,,,,,,,,,,,,,,,
031590c9-2a66-3ecc-8f20-613e5fe40c1a,emission,water,Acetone,,kg,,,,0.002173,,,,,0.013178,,,0.000503,,,,,,0.023588,
a765d3a1-65c6-4544-8487-b3104b937568,Emission to air,lower stratosphere + upper troposphere,Acetone,,kg,,,,,,,,,,,,,,,,,,,
8384736f-93e4-3edc-af93-47bdc7ef9fc7,emission,air,Acetophenone,,kg,,,,,,,,,0.086391,,,,,,,,,,
26404dde-a057-4f64-a58b-6e493d2ed6d5,Emission to air,lower stratosphere + upper troposphere,Acetophenone,,kg,,,,,,,,,,,,,,,,,,,
ba9cee15-a144-3c38-9a3b-36931d4e64e9,emission,air,Acrolein,,kg,,0.31563,,0.106308,,,,0.195834,4898.383,,,1.827944,,,,,,390.9861,
1ccc25c5-f5c0-4deb-b34a-965ccbaa4caa,Emission to air,lower stratosphere + upper troposphere,Acrolein,,kg,,,,,,,,,,,,,,,,,,,
fe676e41-1df5-3f0f-9006-ca7e0ab442db,Resource,air,Air,,kg,,,,,,,,,,,,,,,,,,,
362f59ba-5bb1-3a44-aaa1-ce7a3e60d0e2,emission,air,Aldehydes,,kg,,,,,,,,,,,,,,,,,,,
9a36d2c5-a47d-3020-9dd2-00b6713b2e0c,emission,air,"Aldehydes, unspecified",,kg,,,,,,,,,,,,,,,,,,,
d961f86b-e36b-4ac6-8cd4-b253e496de79,Emission to air,high population density,"Aldehydes, unspecified",,kg,,,,,,,,,,,,,,,,,,,
ac07bb4a-a492-45b3-9a07-4ab9b8959374,Emission to air,lower stratosphere + upper troposphere,"Aldehydes, unspecified",,kg,,,,,,,,,,,,,,,,,,,
2b8613fe-c7db-355d-9754-baebbc92512f,emission,water,Aluminum,,kg,,,,,,,,,,,,,,,,,,,
f5936996-ef49-39ad-9cf0-591b0e026f7d,water,fresh water body,Aluminum,,kg,,,,,,,,,,,,,,,,,,,
65b5d5dd-95b5-36b2-8cb0-7c5501ff1e32,emission,air,Ammonia,,kg,,,,,,,,,,,,,,,,,1.96,,
2d117fdd-370d-331c-b07c-b0172c4a10ef,emission,water,Ammonia,,kg,,,,,,,,,,,,,0.244458,,,,,,
9990b51b-7023-4700-bca0-1a32ef921f74,Emission to air,high population density,Ammonia,,kg,,,,,,,,,,,,,,,,,,,
8494ed3c-0416-4aa5-b100-51a2b2bcadbd,Emission to air,lower stratosphere + upper troposphere,Ammonia,,kg,,,,,,,,,,,,,,,,,,,
d9134087-d959-37a7-b2b0-6c8a620f4c4d,emission,water,Ammonium,,kg,,,,,,,,,,,,,0.230349,,,,,,
1b77af6c-63a9-3aa3-90e6-a0784756df75,water,fresh water body,Ammonium,,kg,,,,,,,,,,,,,0.230349,,,,,,
cf3a10a8-cc6a-3bf5-ada3-b2626091ed50,emission,air,Ammonium chloride,,kg,,,,,,,,,,,,,,,,,,,
1a64dcb4-3ea0-4256-a22e-9300a914e1c1,Emission to soil,unspecified,Ammonium chloride,,kg,,,,,,,,,,,,,,,,,,,
fb005c47-7b90-41f3-a5ca-f0eb11db354a,Emission to water,unspecified,"Ammonium, ion",,kg,,,,,,,,,,,,,,,,,,,
5aaca76f-ed8b-3dc6-9cb3-597421c567ac,emission,air,Anthracene,,kg,,,,0.298268,,,,,0.027687,,,8.048587,,,,,,60.29823,
a8f5d7b3-07e1-45a9-a93e-736f0fa5a5a5,Emission to air,lower stratosphere + upper troposphere,Anthracene,,kg,,,,,,,,,,,,,,,,,,,
9de688f4-2302-3557-b50c-0f1d304977f4,emission,air,Antimony,,kg,,,,,,,,,,,,,,,,,,,
dde20124-511b-3e0d-8834-5ddd88e15cba,emission,water,Antimony,,kg,,,,,,,,,,,,,,,,,,,
54f30d85-f262-42d9-a6a2-59d03df4196f,Resource,unspecified,Antimony,,kg,,,,,,,,,,,,,,,,,,,
2b16d0b5-4713-3bb8-be5b-905382f0e8a8,emission,air,Arsenic,,kg,,,,,,,,,,,,,,,,,,,
3faed4db-fe91-48f5-af3b-826f0209d600,Resource,unspecified,Arsenic,,kg,,,,,,,,,,,,,,,,,,,
c49b23d3-a86b-39f2-adfc-56cf928d39e7,emission,ground,Arsenic(V),,kg,,,,0.287845,,,0.678845,,172.1453,,,0.075308,,,,,,3.11E-18,
e3bcc418-eca5-39a0-a128-e2716b806624,emission,water,Arsenic(V),,kg,,,,59.69862,,,11.5105,,2918.896,,,24.03796,,,,,,1.12E-15,
2c5aef1c-7cf7-30ee-8a87-ba4682327767,emission,air,Barium,,kg,,,,0.7733,,,,,76.91989,,,1.063203,,,,,,1211.073,
a1e9b66c-ac46-35e8-bba3-318f6556a90f,emission,water,Barium,,kg,,,,2.786841,,,,,42.38172,,,1.254536,,,,,,4.79E-17,
8db0f74c-fda3-48e6-ac00-dca9ab4f5fea,Resource,unspecified,Barium,,kg,,,,,,,,,,,,,,,,,,,
ba97642d-9c4d-3fd0-8374-cd4ea433b9ef,Resource,unspecified,"Baryte, resource correction",,kg,,,,,,,,,,,,,,,,,,,
248c35a7-7964-3f7b-aff8-9f29e983835e,emission,air,Benz[a]anthracene,,kg,,,,,,,,,,,,,,,,,,,
8eae52c0-c300-3d34-bda9-e4f1ba24fd65,water,fresh water body,Benz[a]anthracene,,kg,,,,,,,,,,,,,,,,,,,
565c5d1a-1e0e-35f3-82a0-4845c43d3dcf,emission,air,Benzene,,kg,,0.05845,,3.59E-05,,,0.8871,0.036266,0.752243,,,0.002405,,,,,,0.089042,
67999cea-e58a-3044-95a9-4b45269260fd,emission,water,Benzene,,kg,,,,0.086805,,,0.353635,,0.301031,,,0.00486,,,,,,0.085924,
1bb6a502-3ff9-4a79-835c-5588b855f1f5,Emission to air,high population density,Benzene,,kg,,,,,,,,,,,,,,,,,,,
eb15dd66-43ee-4161-ac90-2cd6d19ca72d,Emission to air,lower stratosphere + upper troposphere,Benzene,,kg,,,,,,,,,,,,,,,,,,,
6e1d6c76-51e8-3719-92a2-aaabf23f3405,emission,water,"Benzene, pentamethyl-",,kg,,,,,,,,,,,,,,,,,,,
0793532a-b3ec-4efa-9efb-a6b14d467bcc,Emission to air,lower stratosphere + upper troposphere,"Benzene, pentamethyl-",,kg,,,,,,,,,,,,,,,,,,,
6187175f-c6b5-313b-9128-f3a0a1ccd2c5,emission,water,"Benzenes, alkylated, unspecified",,kg,,,,,,,,,,,,,,,,,,,
7a86207a-5a4d-4d6a-aa09-cd7acf248a4d,Emission to water,fresh water,"Benzenes, alkylated, unspecified",,kg,,,,,,,,,,,,,,,,,,,
76bd7eb9-a592-319f-9234-9a469de5bd59,emission,air,Benzo[a]pyrene,,kg,,,,0.518541,,,129.834,,,,,36.18924,,,,,,103.7583,
17fd75b0-4fc0-3167-a4bc-93d7372795f3,fresh water body,river,Benzo[a]pyrene,,kg,,,,134.3126,,,36.43539,,,,,12.09895,,,,,,0.44332,
c19f72d2-41a0-3218-ba4f-61fa392accd6,emission,air,Benzo[ghi]perylene,,kg,,,,,,,,,,,,,,,,,,,
e44c007a-253b-3c22-a0ab-9b7ce1bcf66a,fresh water body,river,Benzo[ghi]perylene,,kg,,,,,,,,,,,,,,,,,,,
24cfa2d1-ba72-371f-9d3f-cc121bc063f1,emission,air,Benzofluoranthene,,kg,,,,,,,,,,,,,,,,,,,
cf8169b9-8254-3509-a41e-86e56df98b5e,water,fresh water body,Benzofluoranthene,,kg,,,,,,,,,,,,,,,,,,,
919666cc-3aa4-3706-b883-2d25484d4532,emission,water,Benzoic acid,,kg,,,,0.481125,,,,,0.383616,,,0.011459,,,,,,0.001553,
203f2f14-cb70-47e3-8e27-e25f7fa83879,Emission to air,lower stratosphere + upper troposphere,Benzoic acid,,kg,,,,,,,,,,,,,,,,,,,
f0616d3c-8ad2-364a-aaae-42f0651f32e8,emission,air,Benzyl chloride,,kg,,,,0.004257,,,1.536669,,,,,0.093986,,,,,,0.923642,
4b77bfe7-811e-4d8c-95f5-43235db4e885,Emission to air,lower stratosphere + upper troposphere,Benzyl chloride,,kg,,,,,,,,,,,,,,,,,,,
0346d063-4db1-3f52-a695-892c4c98d443,emission,air,Beryllium,,kg,,,,0.767042,,,134.8729,,334011.9,,,57.76436,,,,,,176058.7,
c00fa432-1dcc-3bf3-870f-4043c05cc887,emission,water,Beryllium,,kg,,,,49.98509,,,0.045919,,1.695011,,,15.4896,,,,,,1.73E-15,
ea1ad570-2801-4561-83df-2ebbf60387ff,Resource,unspecified,Beryllium,,kg,,,,,,,,,,,,,,,,,,,
14019299-4013-3351-af2d-287fee154b97,emission,water,Bicarbonate,,kg,,,,,,,,,,,,,,,,,,,
869b1948-3e39-3b70-a244-f4f543cbf690,saline water body,ocean,Bicarbonate,,kg,,,,,,,,,,,,,,,,,,,
27b840cc-1f41-3943-8ea8-6d68b44b7f81,emission,water,Biological Oxygen Demand,,kg,,,,,,,,,,,,,,,,,,,
3f0a4225-59e0-30a2-937a-c85f675e7376,water,saline water body,Biological Oxygen Demand,,kg,,,,,,,,,,,,,,,,,,,
3889aaab-df67-4574-89cd-75ca586cdf1f,Resource,biotic,Biomass,,kg,,,,,,,,,,,,,,,,,,,
52e6476c-bc9d-3aa2-bfb8-6597393b87d1,emission,air,Biphenyl,,kg,,,,0.008166,,,,,0.621695,,,0.149956,,,,,,2.839932,
1e9fb400-240f-31cf-8074-00580c0207a3,emission,water,Biphenyl,,kg,,,,5.425175,,,,,1.240434,,,0.240798,,,,,,2.659134,
c92547ac-d74c-47e1-9b95-17100f20d5b3,Emission to air,lower stratosphere + upper troposphere,Biphenyl,,kg,,,,,,,,,,,,,,,,,,,
91955aba-6ebc-4413-9342-f0298860b4aa,Emission to water,unspecified,"BOD5, Biological Oxygen Demand",,kg,,,,,,,,,,,,,,,,,,,
57152560-592a-383f-89b1-a77d7d432ad8,emission,water,Boron,,kg,,,,,,,,,,,,,,,,,,,
3a404578-2521-444f-ba07-a2e3b9805c4b,Resource,unspecified,Boron,,kg,,,,,,,,,,,,,,,,,,,
7d2d94b8-a7a3-3670-b74d-1fc75b7ed55e,emission,water,Bromide,,kg,,,,,,,,,,,,,,,,,,,
9463218b-d6bf-44da-8bc9-570d00382d20,Emission to soil,industrial,Bromide,,kg,,,,,,,,,,,,,,,,,,,
d5a296be-7219-3921-a430-cff172ac7911,emission,air,Cadmium,,kg,,,,,,,,,,,,,,,,,,,
7161425c-f76a-41a3-9ceb-cc2b264317e4,Resource,unspecified,Cadmium,,kg,,,,,,,,,,,,,,,,,,,
c3ff0a51-912f-3024-ad17-f52074cfd989,emission,water,Cadmium(II),,kg,,,,14.97894,,,0.06086,,55.8987,,,3.804328,,,,,,2.21E-16,
02e907be-62ba-33b1-8552-a6cdd525a9e2,fresh water body,lake,Cadmium(II),,kg,,,,14.97894,,,0.06086,,55.8987,,,3.804328,,,,,,2.21E-16,
5408dd06-70db-3ce6-b304-c391983fd003,emission,water,Calcium,,kg,,,,,,,,,,,,,,,,,,,
31f0a3c2-648f-3ec4-90b1-d4dbe3810edc,Resource,unspecified,Calcium,,kg,,,,,,,,,,,,,,,,,,,
b2466693-6cf5-3100-be3c-8fbc5d971d8f,ground,subterranean,Calcium sulfate,,kg,,,,,,,,,,,,,,,,,,,
00be59d0-ecd7-35ff-86e6-9bd2a790f0c6,emission,water,Calcium(II),,kg,,,,,,,,,,,,,,,,,,,
fe92ae46-75fd-3fd4-9b7d-994ba86f29ca,fresh water body,lake,Calcium(II),,kg,,,,,,,,,,,,,,,,,,,
b6f010fb-a764-3063-af2d-bcb8309a97b7,emission,air,Carbon dioxide,,kg,,,,,,1,,,,,,,,,,,,,
643975a8-03da-44bb-873f-4fe8e7740fe6,Emission to air,high population density,Carbon dioxide,,kg,,,,,,,,,,,,,,,,,,,
8ffbf5bb-f236-49ec-bb37-55b3561798ea,Resource,unspecified,Carbon dioxide,,kg,,,,,,,,,,,,,,,,,,,
f9749677-9c9f-4678-ab55-c607dfdc2cb9,Emission to air,high population density,"Carbon dioxide, fossil",,kg,,,,,,1,,,,,,,,,,,,,
5fe16b97-3332-38eb-8030-b62db19473eb,emission,air,Carbon disulfide,,kg,,,,0.000348,,,,,786.604,,,0.148158,,,,,,0.961071,
a0399529-bdc0-49bc-a09b-9aea421fbd34,Emission to air,lower stratosphere + upper troposphere,Carbon disulfide,,kg,,,,,,,,,,,,,,,,,,,
187c525c-3715-388c-b303-a0671524a615,emission,air,Carbon monoxide,,kg,,,,,,,,,,,,,,,,,,,
620bc2f6-cf71-4dde-bba9-c6e8fdec5e23,Emission to air,high population density,Carbon monoxide,,kg,,,,,,,,,,,,,,,,,,,
08a91e70-3ddc-11dd-9252-0050c2490048,Emission to air,lower stratosphere + upper troposphere,Carbon monoxide,,kg,,,,,,,,,,,,,,,,,,,
f7467352-e7d9-3924-b763-f26bb26ce4cc,emission,air,Carbon tetrachloride,,kg,,,,0.000493,,3480,229.3108,,2636.088,,,0.479823,,,,1.203,,1.360064,
8b4fec82-3c33-3d99-b627-f8754975a484,troposphere,urban,Carbon tetrachloride,,kg,,,,0.000493,,3480,233.6419,,2684.126,,,0.478344,,,,1.203,,1.360036,
6cf31d03-c6c7-4a8f-9abb-31e89c7d1804,Emission to air,high population density,"Carbon, organic bound",,kg,,,,,,,,,,,,,,,,,,,
721121c7-a4c7-3fc1-bbc4-7fbaecc2fbe2,emission,water,Carbonate,,kg,,,,,,,,,,,,,,,,,,,
c70f1e1d-017a-3aa4-9614-fa723adbf49d,emission,air,CFC-13,,kg,,,,,,10900,,,,,,,,,,,,,
924cc8cf-ddf6-3b1a-9fbe-489c095c1f01,emission,water,Chemical Oxygen Demand,,kg,,,,,,,,,,,,,,,,,,,
39596c10-bdd2-34d4-a634-775fe8195425,water,fresh water body,Chemical Oxygen Demand,,kg,,,,,,,,,,,,,,,,,,,
f25fdf2c-716f-3a3d-a3f8-86d94ab82d89,Waste,unspecified,"Chemical waste, inert",,kg,,,,,,,,,,,,,,,,,,,
36d26020-74dd-3bf9-9ef6-55da78d1e430,Waste,unspecified,"Chemical waste, regulated",,kg,,,,,,,,,,,,,,,,,,,
3811e08a-d742-32a5-b2a2-6508ef1417ff,Waste,unspecified,"Chemical waste, unspecified",,kg,,,,,,,,,,,,,,,,,,,
fa84fbb8-4be1-37f3-ac91-db650ab1511b,emission,water,Chlorate,,kg,,,,,,,,,,,,,,,,,,,
b415204e-1506-3fc6-8e4b-97f8e64403b8,emission,water,Chloride,,kg,,,,,,,,,,,,,,,,,,,
cd4d51de-472f-45d4-9a04-96f5468225f7,Emission to water,"river, long-term",Chloride,,kg,,,,,,,,,,,,,,,,,,,
c4da1480-4f19-3d01-8f04-8432c38991b1,emission,air,Chlorine,,kg,,,,,,,,,,,,,,,,,,,
934b08e9-d2f4-46d8-b6d6-a043e47c1008,Resource,unspecified,Chlorine,,kg,,,,,,,,,,,,,,,,,,,
0fe64d97-61d5-3366-9778-8c39d00edd73,emission,air,Chlorobenzene,,kg,,,,0.0006,,,,,1.114995,,,0.027655,,,,,,1.039992,
f8751203-0077-3056-83ee-aa69b7e6c754,fresh water body,river,Chlorobenzene,,kg,,,,0.747513,,,,,0.505275,,,0.037698,,,,,,0.921539,
a48770cd-a7a2-3e86-9e1b-083d68ba4351,emission,air,Chloroethane,,kg,,0.064295,,,,,,0.039892,0.012746,,,,,,,,,,
b2cd16ff-7978-339f-beb4-fdaa3c7e210c,emission,water,Chloroethane,,kg,,,,,,,,,0.00684,,,,,,,,,,
9fc17701-9417-3281-b9a3-d7ab3ecc1c57,emission,air,Chloroform,,kg,,,,0.000192,,60,1.03814,,17.4825,,,0.044517,,,,,,0.492267,
98af3079-fb76-488d-8afe-713814e14d36,Emission to air,lower stratosphere + upper troposphere,Chloroform,,kg,,,,,,,,,,,,,,,,,,,
3e771661-38c3-332b-b4cb-8e2421b045ce,emission,air,Chloromethane,,kg,,0.005845,,,,45,,0.003627,8.131888,,,,,,,0.05,,,
57facb29-666b-34eb-96a3-670f6d995798,emission,water,Chloromethane,,kg,,,,,,,,,6.305201,,,,,,,,,,
dca95a09-d0c2-3d62-ae3c-9e47d1acbf85,water,fresh water body,Chloromethane,,kg,,,,,,,,,6.305201,,,,,,,,,,
98bd36e1-fbe4-32ee-ba78-3b6726917c9b,emission,air,Chromium,,kg,,,,,,,,,,,,,,,,,,,
8a7ef355-2f16-3368-afc8-cf40ed441619,emission,water,Chromium,,kg,,,,,,,,,,,,,,,,,,,
7f33171b-d351-479a-8074-f3d8db3ad50a,Resource,unspecified,Chromium,,kg,,,,,,,,,,,,,,,,,,,
ac249128-5489-3eb8-bfb8-61c0b93d2e07,emission,air,Chromium(VI),,kg,,,,3.0742,,,,,2890.701,,,42.52344,,,,,,76072.25,
b51ae4b6-76b2-3544-934a-d9da380519a6,water,fresh water body,Chromium(VI),,kg,,,,83.15837,,,,,3.434904,,,36.37484,,,,,,1.75E-15,
993fb955-f686-37f7-96e1-22b8c2a35ced,emission,air,Chrysene,,kg,,,,,,,,,,,,,,,,,,,
6b0c2e40-3721-4677-9dc2-80a795e87295,Emission to air,lower stratosphere + upper troposphere,Chrysene,,kg,,,,,,,,,,,,,,,,,,,
f278e215-32a3-42a7-85c2-3d6ccad89b83,Resource,biotic,"Clay, bentonite",,kg,,,,,,,,,,,,,,,,,,,
e1529a04-8d05-3502-a65d-4c810ceeaa53,ground,subterranean,"Coal, bituminous",,MJ,,,,,,,,,,,,,,,,,,,
e344d353-61b8-3be6-a2a5-fd5ee93d8a89,Resource,ground,"Coal, bituminous",,MJ,,,,,,,,,,,,,,,,,,,
c5dd29bb-9757-3e45-bb62-bf40f723d196,ground,subterranean,"Coal, lignite",,MJ,,,-0.01571,,,,,,,,,,,,,,,,
de2f54e4-dbbe-3850-a341-c6d921dbfdec,Resource,ground,"Coal, lignite",,MJ,,,-0.01571,,,,,,,,,,,,,,,,
e0d81f05-0407-3fc9-9f11-e2d22a6edebd,emission,air,Cobalt,,kg,,,,,,,,,,,,,,,,,,,
7cbf7556-2b17-3cc2-97cf-5c9e24e50d65,emission,water,Cobalt,,kg,,,,,,,,,,,,,,,,,,,
15ecd7f4-7734-44ec-af1c-8d3a46d27f1f,Resource,unspecified,Cobalt,,kg,,,,,,,,,,,,,,,,,,,
961ccd56-2eee-4f57-bb18-fc4362b49000,Emission to water,unspecified,"COD, Chemical Oxygen Demand",,kg,,,,,,,,,,,,,,,,,,,
1531f168-fb3e-3f1c-a86b-b77cf607b4da,Waste,unspecified,Construction waste,,kg,,,,,,,,,,,,,,,,,,,
b15117ec-3b8e-35de-bef2-00aec1b9636e,emission,air,Copper,,kg,,,,,,,,,,,,,,,,,,,
965958b3-8368-3395-a55d-f6f819e40587,emission,water,Copper,,kg,,,,,,,,,,,,,,,,,,,
230bcc03-ec64-394a-bdda-e93b3cd765d4,ground,subterranean,Copper,,kg,,,,,,,,,,,,,,-1,,,,,
5bfe61f2-cefc-47e6-9704-3fab3ebbd4c9,Resource,unspecified,Copper,,kg,,,,,,,,,,,,,,,,,,,
a58df7ff-b222-34c4-8fc0-2dddf59c933d,emission,water,Copper(I),,kg,,,,,,,,,,,,,,,,,,,
dd1df36d-18bf-3d4b-8765-e0f0b713853d,fresh water body,lake,Copper(I),,kg,,,,,,,,,,,,,,,,,,,
dce9617d-7a15-32be-adcb-f01854016ebc,emission,water,Cresol,,kg,,,,2.059588,,,,,,,,0.051411,,,,,,0.14494,
ed2ce095-e106-45e4-b48c-8107d4337db5,Emission to air,lower stratosphere + upper troposphere,Cresol,,kg,,,,,,,,,,,,,,,,,,,
4aca0c2c-6e1a-3d90-956c-7141ca8932ce,Resource,water,Crude oil,,MJ,,,-0.0221,,,,,,,,,,,,,,,,
0ed0590b-2e71-385e-86bb-3d2ea0505734,water,subterranean,Crude oil,,MJ,,,-0.0221,,,,,,,,,,,,,,,,
8f6e0975-9a80-3709-8ee7-1e4c0a9c9e1c,emission,air,Cumene,,kg,,0.18704,,3.22E-05,,,,0.11605,0.098203,,,0.000705,,,,,,0.04831,
137f2ebc-8f8b-41fc-9ff6-d32f42565d56,Emission to air,lower stratosphere + upper troposphere,Cumene,,kg,,,,,,,,,,,,,,,,,,,
37037bee-9867-3769-999c-c4d891b9975b,emission,air,Cyanide,,kg,,,,,,,,,,,,,,,,,,,
3b66fd84-6bf2-3a57-bd4c-f779d71fee69,emission,water,Cyanide,,kg,,,,,,,,,,,,,,,,,,,
27c1a9a6-c45e-431f-830b-7061a100fed7,Emission to air,lower stratosphere + upper troposphere,Cyanide,,kg,,,,,,,,,,,,,,,,,,,
12b39b80-c5cb-3410-9968-c6e41304f7d0,emission,air,Cyclohexane,,kg,,0.16366,,2.37E-07,,,,0.101544,0.098855,,,5.32E-06,,,,,,0.000652,
ad141e8f-c6d9-4404-b276-6857aadcd79f,CUTOFF Flows,ecoinvent 3.2,"Cyclohexane, production",,kg,,,,,,,,,,,,,,,,,,,
b7333c73-5e11-36c0-9e18-651c5655c163,emission,air,Decane,,kg,,0.21042,,6.59E-07,,,,0.130556,,,,9.24E-06,,,,,,0.001952,
0c8c9877-5938-36dd-910b-48daed6913e1,emission,water,Decane,,kg,,,,8.630262,,,,,,,,0.101166,,,,,,0.001831,
8553e650-97f1-48e0-ba7f-8d3a950a2328,Emission to air,lower stratosphere + upper troposphere,Decane,,kg,,,,,,,,,,,,,,,,,,,
3a69da78-6892-3a5a-996d-2764daa377f3,emission,water,"Detergent, oil",,kg,,,,,,,,,,,,,,,,,,,
8260ccad-b692-3ae8-babd-fcd7f626ca49,emission,water,"Detergents, oil",,kg,,,,,,,,,,,,,,,,,,,
52c1a8c8-aced-41dc-b4e5-02e561801e86,Emission to water,unspecified,"Detergents, oil",,kg,,,,,,,,,,,,,,,,,,,
3600a034-449c-3066-9960-6a13903c310d,emission,air,Di(2-ethylhexyl) phthalate,,kg,,,,0.008528,,,,,36.3336,,,0.090385,,,,,,1.216951,
8748d8b2-558f-343d-93d5-2d8a7ed2f500,emission,water,"Dibenz[a,j]acridine",,kg,,,,,,,,,,,,,,,,,,,
a3d33ea6-76e3-37fc-b15e-1120f4128b10,emission,water,Dibenzofuran,,kg,,,,4.559216,,,,,,,,0.316661,,,,,,1.999344,
7b7a29f5-cb80-45cb-9e9f-0eaa26eb9c31,Emission to air,lower stratosphere + upper troposphere,Dibenzofuran,,kg,,,,,,,,,,,,,,,,,,,
b2661705-4693-3796-b582-f598499b4157,emission,water,Dibenzothiophene,,kg,,,,,,,,,,,,,,,,,,,
f3af6efb-a202-4ba7-a1ef-2466ec1c2767,Emission to air,lower stratosphere + upper troposphere,Dibenzothiophene,,kg,,,,,,,,,,,,,,,,,,,
4784dde7-fce7-3d68-9667-820dc31df78e,emission,air,Dimethyl phthalate,,kg,,,,0.072448,,,,,,,,0.03479,,,,,,343.5698,
48f34f79-a52a-3692-9931-5b7b678fd1f5,emission,water,Dimethyl phthalate,,kg,,,,0.608292,,,,,,,,0.015176,,,,,,7.340159,
91f966d1-5c8e-45e0-af5b-8b3817beb897,Emission to air,lower stratosphere + upper troposphere,Dimethyl sulfate,,kg,,,,,,,,,,,,,,,,,,,
5bbebaed-96df-3384-8338-4316f2d429a1,troposphere,rural,Dimethyl sulfate,,kg,,,,,,,,,,,,,,,,,,,
6dc1b46f-ee89-4495-95c4-b8a637bcd6cb,Emission to air,high population density,Dinitrogen monoxide,,kg,,,,,,,,,,,,,,,,,,,
0a66e296-2b74-37f4-90f8-81138e88b414,Emission to air,unspecified,Dioxins (unspec.),,kg,,,,,,,,,,,,,,,,,,,
a097bf04-8dd1-34dc-b5ef-3e7e18dd07e0,Technosphere Flows,CUTOFF Flows,"Disposal, ash and flue gas desulfurization sludge, to unspecified reuse",,kg,,,,,,,,,,,,,,,,,,,
a98db096-441e-4783-900f-b6693ecde0c9,Technosphere Flows,CUTOFF Flows,"Disposal, hazardous waste, to incineration with energy recovery",,kg,,,,,,,,,,,,,,,,,,,
ac003090-67b7-4364-b690-807d12019627,Technosphere Flows,CUTOFF Flows,"Disposal, hazardous waste, to incineration without energy recovery",,kg,,,,,,,,,,,,,,,,,,,
42929598-5cd9-4fac-a79d-fd0ab85a4176,Technosphere Flows,CUTOFF Flows,"Disposal, hazardous waste, to unspecified hazardous waste landfill",,kg,,,,,,,,,,,,,,,,,,,
51b388e1-32b9-33e7-857d-6543bc69f12c,Technosphere Flows,CUTOFF Flows,"Disposal, lignite coal combustion byproducts, to unspecified reuse",,kg,,,,,,,,,,,,,,,,,,,
df2b3c59-4923-41b4-ac38-967884123025,Technosphere Flows,CUTOFF Flows,"Disposal, solid waste, process, to sanitary landfill",,kg,,,,,,,,,,,,,,,,,,,
b2e4bf62-46b0-4a88-8853-86694d26244d,Technosphere Flows,CUTOFF Flows,"Disposal, solid waste, to incineration with energy recovery",,kg,,,,,,,,,,,,,,,,,,,
c3a414cf-44c3-409b-8481-7c0fafdb225c,Technosphere Flows,CUTOFF Flows,"Disposal, solid waste, to incineration without energy recovery",,kg,,,,,,,,,,,,,,,,,,,
f2960e88-4ca9-4f6c-9813-71e66edc37b7,Technosphere Flows,CUTOFF Flows,"Disposal, solid waste, unspecified",,kg,,,,,,,,,,,,,,,,,,,
ee9ac558-402f-3594-a3e3-0ee7dec4440d,Technosphere Flows,CUTOFF Flows,"Disposal, solid waste, unspecified, to municipal incineration",,kg,,,,,,,,,,,,,,,,,,,
838cef47-a3a6-3dce-bcb2-560991c5e95c,Technosphere Flows,CUTOFF Flows,"Disposal, solid waste, unspecified, to sanitary landfill",,kg,,,,,,,,,,,,,,,,,,,
627f237d-8d6e-3257-b539-0637dacdf768,Technosphere Flows,CUTOFF Flows,"Disposal, solid waste, unspecified, to underground deposit",,kg,,,,,,,,,,,,,,,,,,,
c3c58b7e-6561-36c7-a537-b10b1f2a5e39,Technosphere Flows,CUTOFF Flows,"Disposal, solid waste, unspecified, to unspecified treatment",,kg,,,,,,,,,,,,,,,,,,,
5d2b8abb-4d07-3515-b955-46a086e599f6,Technosphere Flows,CUTOFF Flows,"Disposal, solid waste, unspecified, to waste-to-energy",,kg,,,,,,,,,,,,,,,,,,,
0950274b-38ce-3248-8f61-2dba9026bf8f,emission,water,Dissolved Organic Carbon,,kg,,,,,,,,,,,,,,,,,,,
79cd1bbd-1202-426a-bd11-0e81c37166a9,Emission to water,unspecified,Dissolved organic matter,,kg,,,,,,,,,,,,,,,,,,,
71ab2307-5ca5-4b22-9f13-3bac704c5e0c,Emission to water,fresh water,Dissolved solids,,kg,,,,,,,,,,,,,,,,,,,
346f49b9-598c-3f47-96c8-b47ccdb5a01f,emission,water,Docosane,,kg,,,,,,,,,,,,,,,,,,,
63529099-31df-433d-acb8-ef29f9c1637b,Emission to air,unspecified,Docosane,,kg,,,,,,,,,,,,,,,,,,,
4acda2b2-105c-30e7-bb18-31ffb1a63c5c,emission,air,Dodecane,,kg,,0.192885,,,,,,0.119676,,,,,,,,,,,
637c2a11-389c-3555-a5be-62d3823dbd2a,emission,water,Dodecane,,kg,,,,,,,,,,,,,,,,,,,
290b9600-5985-4881-9988-1e6551816f3a,Emission to air,high population density,Dodecane,,kg,,,,,,,,,,,,,,,,,,,
1b06ec7f-4aae-4b05-b83f-31dc0a3034ec,Resource,biotic,Dolomite,,kg,,,,,,,,,,,,,,,,,,,
c22b0e5b-731c-47fb-8003-effcec85f5e9,Emission to air,unspecified,"Dust, unspecified",,kg,,,,,,,,,,,,,,,,,,,
c69ad153-4e30-39ac-92e0-ded6825e8ec8,emission,water,Eicosane,,kg,,,,,,,,,,,,,,,,,,,
8ca9c802-e837-30d6-a921-3bc7ea7d8448,Technosphere Flows,CUTOFF Flows,"Electricity, at wind power plant, unspecified",,MJ,,,,,,,,,,,,,,,,,,,
7f11b3fc-4396-3cb0-b1c6-4016a7c31533,Technosphere Flows,CUTOFF Flows,"Electricity, biomass, gas, landfill, at power plant",,MJ,,,,,,,,,,,,,,,,,,,
50a39fc4-b698-37e8-b8f9-0142a6ef76ce,Technosphere Flows,CUTOFF Flows,"Electricity, biomass, solid, agriculture by-products, at power plant",,MJ,,,,,,,,,,,,,,,,,,,
29ae9fce-0435-3a0a-bedc-1ee78b6b4b3e,Technosphere Flows,CUTOFF Flows,"Electricity, biomass,liquid, unspecified, at power plant",,MJ,,,,,,,,,,,,,,,,,,,
e4229062-5210-3132-a1a2-a946454ffaf2,Technosphere Flows,CUTOFF Flows,"Electricity, geothermal, unspecified",,MJ,,,,,,,,,,,,,,,,,,,
4b4d38d5-b196-3075-8f90-27fa7e45d92b,Technosphere Flows,CUTOFF Flows,"Electricity, hydropower, at power plant, unspecified",,MJ,,,,,,,,,,,,,,,,,,,
6e9f8d2d-5ce1-3e64-8130-5ec0b62ca7d1,Technosphere Flows,CUTOFF Flows,"Electricity, other fuels, unspecified, at power plant",,MJ,,,,,,,,,,,,,,,,,,,
7b8d7c56-1021-37b6-be2c-3c92d8b9f026,Technosphere Flows,CUTOFF Flows,"Electricity, other gases, unspecified, at power plant",,MJ,,,,,,,,,,,,,,,,,,,
b31ba1d1-fb4b-3b9e-96c2-1e042fec4e84,Technosphere Flows,CUTOFF Flows,"Electricity, petroleum coke, at power plant",,MJ,,,,,,,,,,,,,,,,,,,
2e5ad224-751f-3379-8b19-1d533cf2b09c,Technosphere Flows,CUTOFF Flows,"Electricity, solar, unspecified, at power plant",,MJ,,,,,,,,,,,,,,,,,,,
423e3050-f49a-303a-88a8-1ac428418f9c,emission,air,Ethane,,kg,,0.04676,,,,,,0.029012,,,,,,,,,,,
cd724953-9c93-369f-a9cf-64ba0bae32cb,emission,air,Ethyl ether,,kg,,0.26887,,1.89E-06,,,,0.166822,0.050396,,,4.00E-05,,,,,,0.005133,
7b2a26ef-86ec-39e1-82e6-016b31800e2b,emission,air,Ethylbenzene,,kg,,0.26887,,2.35E-05,,,0.847951,0.166822,0.050128,,,0.000516,,,,,,0.043544,
6c82f4d1-4fa8-3b7e-816d-c4153c0eba6d,emission,water,Ethylbenzene,,kg,,,,0.293215,,,0.096114,,0.107275,,,0.33881,,,,,,0.042548,
9cadef16-ae5d-30ae-a4a4-3d23a508892e,water,fresh water body,Ethylbenzene,,kg,,,,0.293215,,,0.096114,,0.107275,,,0.33881,,,,,,0.042548,
3378c02d-6828-36dc-a9fe-9948b59a8bd6,emission,air,Ethylene,,kg,,0.584501,,,,,,0.362656,,,,,,,,,,,
5d84be53-a39e-3bbe-9060-7ac64094e8b6,emission,ground,Ethylene,,kg,,,,,,,,,,,,,,,,,,,
3406549e-cf97-3fec-b0bb-07506f38dfc4,emission,water,Ethylene,,kg,,,,,,,,,,,,,,,,,,,
a8ead97e-1f5f-3c0c-aa72-c7b25050864e,emission,air,Ethylene dibromide,,kg,,,,0.002031,,,63.2468,,1.367565,,,0.090972,,,,,,4.037514,
46a269de-b5c6-3737-bd97-edc9df62795e,water,fresh water body,Ethylene dibromide,,kg,,,,0.520479,,,33.40594,,0.714082,,,0.087365,,,,,,3.447776,
f6696716-3d44-38fe-8ef2-8f4284367cd1,emission,air,Ethylene glycol,,kg,,0.192885,,0.000128,,,,0.119676,0.180441,,,4.78E-05,,,,,,0.250158,
41520962-0f73-3a5a-a396-c1c2d52bb55f,emission,water,Ethylene glycol,,kg,,,,0.001565,,,,,0.019731,,,2.23E-05,,,,,,0.0017,
d1992a5a-9f86-492d-9b72-62f7c7851cbc,Emission to air,lower stratosphere + upper troposphere,Ethylene glycol,,kg,,,,,,,,,,,,,,,,,,,
d5670f7b-8a81-3d00-92b1-8c9e12e0ef69,emission,air,Ethylene oxide,,kg,,,,0.000705,,,2.946507,,,,,0.019462,,,,,,1.808338,
1a2c0ee2-520a-3971-a68e-81982d8236fc,emission,water,Ethylene oxide,,kg,,,,0.048236,,,1.927748,,,,,0.017779,,,,,,1.573786,
c89c263a-b0b7-34c9-a27c-d9ebf851c3cc,emission,air,Fluoranthene,,kg,,,,1.171955,,,,,0.731908,,,22.45804,,,,,,153.4374,
9e885597-3fb6-4680-bcc1-d4c0115c799f,Emission to air,lower stratosphere + upper troposphere,Fluoranthene,,kg,,,,,,,,,,,,,,,,,,,
c5697dcb-8fd3-3046-b499-f34e33495b61,emission,air,Fluorene,,kg,,,,0.01404,,,,,0.370414,,,0.20317,,,,,,2.253451,
d83e2d8e-93e4-37c2-be41-b7b7d9f93a11,emission,water,Fluorene,,kg,,,,7.116663,,,,,1.29591,,,0.328341,,,,,,2.084819,
719a1a41-6415-4868-9590-aedb870367fa,Emission to air,lower stratosphere + upper troposphere,Fluorene,,kg,,,,,,,,,,,,,,,,,,,
382c434b-4131-3cb7-8c90-c3afc262ac23,emission,water,"Fluorenes, alkylated, unspecified",,kg,,,,,,,,,,,,,,,,,,,
bcb83e04-96e6-4e3d-b55e-a793e3572b4a,Emission to water,fresh water,"Fluorenes, alkylated, unspecified",,kg,,,,,,,,,,,,,,,,,,,
40ba4085-36b8-3564-8552-5d3bd6186f93,emission,air,Fluoride,,kg,,,,,,,,,,,,,,,,,,,
e8a4d121-c284-3073-ba8f-37f9253ff20a,emission,water,Fluoride,,kg,,,,,,,,,,,,,,,,,,,
cd0edb07-6250-4395-ba29-765b2d2958ec,Emission to water,"river, long-term",Fluoride,,kg,,,,,,,,,,,,,,,,,,,
cf1c6b0f-a688-355e-b222-ebb4a4c163d5,emission,water,Fluorine,,kg,,,,,,,,,,,,,,,,,,,
8db12ace-9708-3989-a5d1-a9bf411450fd,Resource,unspecified,Fluorine,,kg,,,,,,,,,,,,,,,,,,,
08a91e70-3ddc-11dd-97f7-0050c2490048,Resource,in ground,Fluorspar,,kg,,,,,,,,,,,,,,,,,,,
a257b8d3-62dd-37ad-b429-73d96c97165c,emission,air,Formaldehyde,,kg,,0.26887,,0.022774,,,29.61765,0.166822,1.501166,,,0.031086,,,,,,12.62307,
22b0b296-d066-4159-a44b-69fdb17dc802,Emission to air,lower stratosphere + upper troposphere,Formaldehyde,,kg,,,,,,,,,,,,,,,,,,,
bf366291-fb38-4901-9c96-16472193b680,Technosphere Flows,CUTOFF Flows,"Fuel gas, produced onsite, at cracker, m3",,m3,,,,,,,,,,,,,,,,,,,
e8b8cad5-6cb4-3c94-b181-51b1546decd6,emission,air,Furan,,kg,,,,,,,48.80278,,18.21429,,,,,,,,,,
585da516-b59a-43b4-83c1-6ccf4d28c83b,Emission to air,high population density,Furan,,kg,,,,,,,,,,,,,,,,,,,
3d20d2fc-2e7e-4c8c-a77d-91bd822a1dfe,Emission to air,lower stratosphere + upper troposphere,Furan,,kg,,,,,,,,,,,,,,,,,,,
efaa5e7d-6efa-398d-95b4-7d24be488715,ground,subterranean,Gravel,,kg,,,,,,,,,,,,,,,,,,,
76cf7898-8461-3265-a3a4-14dd2682779e,emission,air,HCFC-22,,kg,,,,,,5280,,,0.15471,,,,,,,0.085,,,
9a2c8196-dc6a-3ee0-868d-4278ac51a46f,emission,air,Heptane,,kg,,0.204575,,7.26E-09,,,,0.126929,,,,1.13E-07,,,,,,2.34E-05,
5b9ac6e8-5db3-3abf-9074-d12787ae5974,emission,water,Hexacosane,,kg,,,,,,,,,,,,,,,,,,,
7aa0d0b8-fc00-4fbb-b8c2-cfa04079ca4f,Emission to water,unspecified,Hexacosane,,kg,,,,,,,,,,,,,,,,,,,
b6546ff7-0bf9-3866-8335-01aa38b3e8b0,emission,water,Hexadecane,,kg,,,,,,,,,,,,,,,,,,,
2d5b2d7f-ac28-4a32-9acc-bd82e5a65f54,Emission to air,unspecified,Hexadecane,,kg,,,,,,,,,,,,,,,,,,,
7955b6e2-3ae6-315c-94f1-028d7faada34,emission,air,Hexane,,kg,,0.2338,,6.56E-08,,,,0.145062,1.19469,,,1.08E-06,,,,,,0.000216,
5f29e18d-ace2-466c-831e-be1aee84323a,Emission to air,lower stratosphere + upper troposphere,Hexane,,kg,,,,,,,,,,,,,,,,,,,
583cfbf3-e4c8-38da-827b-2aced8123a8f,emission,water,Hexanoic acid,,kg,,,,,,,,,,,,,,,,,,,
010799c4-5eea-4a90-a4ad-ce6e68e183bb,Emission to air,lower stratosphere + upper troposphere,Hexanoic acid,,kg,,,,,,,,,,,,,,,,,,,
6a8ca31c-ede5-38b1-8c30-2d50fb499a55,emission,air,Hydrocarbons,,kg,,0.159,,0.000437,,,,0.0984,0.099701,,,0.000275,,,,,,0.652934,
42983b7d-3999-3fa9-b172-a0fc678236fe,emission,water,Hydrocarbons,,kg,,,,0.302,,,,,0.027344,,,0.00552,,,,,,0.095476,
02dd796f-985a-37d6-b4b4-5c5b631c547f,water,saline water body,Hydrocarbons,,kg,,,,1.50E-06,,,,,0.00218,,,0.171,,,,,,0.007952,
8b5d5c1d-c786-4367-94f0-fae42cd3ac0a,Emission to air,high population density,"Hydrocarbons, aromatic",,kg,,,,,,,,,,,,,,,,,,,
e2230ed6-8d5e-3315-8bc9-ce337d1283ce,emission,air,Hydrochloric acid,,kg,,,,,,,,,,,,,,,,,,,
33572dab-46b2-3cdb-9b48-2bd4b9fafabf,water,fresh water body,Hydrochloric acid,,kg,,,,,,,,,,,,,,,,,,,
1c288388-0f32-30f1-8267-19b8d72c80df,emission,air,Hydrofluoric acid,,kg,,,,,,,,,,,,,,,,,,,
19b09ba7-5f59-3d27-868f-f668133dfa58,water,fresh water body,Hydrofluoric acid,,kg,,,,,,,,,,,,,,,,,,,
93995ef3-e3d2-37a6-a6ab-67636a2f12a3,emission,air,Hydrofluorocarbons,,kg,,,,,,,,,,,,,,,,,,,
1aaa4326-5c2e-31c5-be81-f856b4e424b1,emission,air,Hydrogen,,MJ,,,,,,,,,,,,,,,,,,,
8e906def-6bd5-4248-ac2b-94e6eedde3c9,Emission to air,high population density,Hydrogen,,kg,,,,,,,,,,,,,,,,,,,
afcbd980-14c2-4e1d-a0aa-5f6464e5c76b,Emission to air,high population density,Hydrogen chloride,,kg,,,,,,,,,,,,,,,,,,,
08351d0e-94b3-3bc8-a9a6-9afcd5e10999,Emission to air,"low population density, long-term",Hydrogen cyanide,,kg,,,,,,,,,,,,,,,,,,,
257eacb9-96fe-4a3d-961a-f5e6c7823ff0,Emission to air,high population density,Hydrogen fluoride,,kg,,,,,,,,,,,,,,,,,,,
f8cbcd43-8201-3b05-b19a-82d305414af4,emission,air,Hydrogen sulfide,,kg,,,,,,,,,,,,,,,,,,,
59281544-7c5a-4101-a972-10118e8df6aa,Emission to air,lower stratosphere + upper troposphere,Hydrogen sulfide,,kg,,,,,,,,,,,,,,,,,,,
e962ef47-cedd-36b6-b962-abacbab62a02,emission,air,"Indeno[1,2,3-cd]pyrene",,kg,,,,,,,,,,,,,,,,,,,
a24e399e-e51f-3295-b465-db2dccf38f43,fresh water body,river,"Indeno[1,2,3-cd]pyrene",,kg,,,,,,,,,,,,,,,,,,,
2b61d376-c8c2-31ae-9c19-9b8b958c74dd,emission,water,Iron,,kg,,,,,,,,,,,,,,,,,,,
63e7d74e-8549-11e0-9d78-0800200c9a66,Emission to water,unspecified,Iron,,kg,,,,,,,,,,,,,,,,,,,
290d9a3e-ae36-3c36-b755-8bbf90c17054,Resource,ground,Iron,,kg,,,,,,,,,,,,,,-0.03817,,,,,
3f891fb6-cf17-484d-a1a2-e63b45245648,Resource,unspecified,Iron,,kg,,,,,,,,,,,,,,,,,,,
515e9797-af84-335a-a30f-a48f9a9e2ed7,emission,air,Isobutane,,kg,,0.16366,,,,,,0.101544,,,,,,,,,,,
feb8a91d-fa3f-3660-bfc2-75471003288d,urban,low,Isobutene,,kg,,,,,,,,,,,,,,,,,,,
9aa7fac7-87ac-35ac-9cfb-639180846bee,emission,air,Isophorone,,kg,,,,0.000479,,,,,0.021963,,,0.002138,,,,,,0.954419,
7f07d3c9-0caa-4797-afa7-a13d5629997c,Emission to air,lower stratosphere + upper troposphere,Isophorone,,kg,,,,,,,,,,,,,,,,,,,
f04bdc59-0f29-3c7f-956c-53b0003b37e7,emission,water,Isoprene,,kg,,,,0.069209,,,0.033828,,,,,0.00117,,,,,,0.000156,
a31cd36e-e3ca-42ac-8d71-de1b6b12f523,Emission to air,lower stratosphere + upper troposphere,Isoprene,,kg,,,,,,,,,,,,,,,,,,,
222a86c7-0134-3761-8eeb-a5c8a2947ca6,emission,air,Isopropanol,,kg,,0.10521,,5.91E-05,,,,0.065278,,,,0.000346,,,,,,0.033825,
35b5c1c9-2910-3597-9c29-835fe31bc726,emission,air,Kerosene,,kg,,,,,,,,,,,,,,,,,,,
0d1997d4-1921-3db7-98c6-6395c50c87cb,Emission to air,high population density,Kerosene,,kg,,,,,,,,,,,,,,,,,,,
74291898-f3b6-4823-92d5-e966bc4d4f9c,Technosphere Flows,CUTOFF Flows,"Landfill gas, at cracker, m3",,m3,,,,,,,,,,,,,,,,,,,
fe829136-3042-36e6-b4cb-7ff591e8db98,emission,air,Lead,,kg,,,,,,,,,,,,,,,,,,,
f8204689-71e9-3275-85f4-66c4112e5511,emission,water,Lead,,kg,,,,,,,,,,,,,,,,,,,
6a903634-c97f-4c49-a7c0-88f0e6ac7a23,Emission to air,high population density,Lead,,kg,,,,,,,,,,,,,,,,,,,
10e3b9bc-648f-4321-be48-5df740b07e04,Resource,unspecified,Lead,,kg,,,,,,,,,,,,,,,,,,,
2a73815a-9774-35ed-a8fa-6952fa17a3e0,Resource,unspecified,"Lead, Pb 3.6E-1%, in mixed ore",,kg,,,,,,,,,,,,,,,,,,,
5c8aca95-6eb3-3b26-83d0-838936066653,emission,water,Lead-210,,kBq,,,,,,,,,,,,,,,,,,,
f707adbb-1784-42ec-8970-6efa10cd790e,Emission to air,lower stratosphere + upper troposphere,Lead-210,,kBq,,,,,,,,,,,,,,,,,,,
bf9a98d7-16de-3777-b21d-ee9edc177ca0,ground,subterranean,Limestone,,kg,,,,,,,,,,,,,,-0.01187,,,,,
1f62b25d-4dcb-3f81-8273-65dbbda19bac,emission,water,Lithium(I),,kg,,,,,,,,,,,,,,,,,,,
a975efda-5fb3-38a9-8d3f-212606aa853f,emission,water,m-Xylene,,kg,,,,0.492197,,,,,,,,0.00889,,,,,,0.026705,
50e083ba-5784-4801-8011-164a14c61b5a,Emission to air,lower stratosphere + upper troposphere,m-Xylene,,kg,,,,,,,,,,,,,,,,,,,
38b7760e-42fa-3d33-b91c-67d348d99097,emission,air,Magnesium,,kg,,,,,,,,,,,,,,,,,,,
1345e5a3-e4c5-3cc1-b896-988ae1796d8e,emission,water,Magnesium,,kg,,,,,,,,,,,,,,,,,,,
fe0acd60-3ddc-11dd-aac3-0050c2490048,Resource,in ground,Magnesium,,kg,,,,,,,,,,,,,,,,,,,
66b0e7a0-e800-4b46-96f6-9e6a80fcbf10,Resource,unspecified,Magnesium,,kg,,,,,,,,,,,,,,,,,,,
9a474c27-63f9-3d0d-a74c-465fd97400e7,emission,air,Manganese,,kg,,,,,,,,,,,,,,,,,,,
8f023abc-b8fc-3ef7-9571-f4cf6c2b6820,emission,water,Manganese,,kg,,,,,,,,,,,,,,,,,,,
2737dccb-d7b8-4002-a3f5-1ab6e1c6515e,Resource,unspecified,Manganese,,kg,,,,,,,,,,,,,,,,,,,
8122f9fb-a740-3bb7-bb66-f3f64059629d,emission,air,Mercaptans,,kg,,,,,,,,,,,,,,,,,,,
6c222f6f-ccca-3285-9167-7862e1996089,rural,low,Mercaptans,,kg,,,,,,,,,,,,,,,,,,,
e2c65e04-f613-33db-9a6e-4cb4577b0005,emission,air,Mercury,,kg,,,,,,,,,,,,,,,,,,,
687b7004-d26d-3dfc-b8f2-81e092bc4bca,emission,water,Mercury,,kg,,,,,,,,,,,,,,,,,,,
a850e6de-a007-432f-be7f-ce6e2cf1f2ae,Emission to air,high population density,Mercury,,kg,,,,,,,,,,,,,,,,,,,
8fda8d30-04fe-45c8-8a4f-48ec4cdae6a3,Resource,unspecified,Mercury,,kg,,,,,,,,,,,,,,,,,,,
19f60b63-b5d8-3689-835a-79ac8fd7f367,Waste,unspecified,Metal waste,,kg,,,,,,,,,,,,,,,,,,,
744039f7-9641-399c-9f9e-e4a78eab355b,emission,water,Metals,,kg,,,,,,,,,,,,,,,,,,,
aab83476-ec6c-3742-af85-15d320b7ce80,emission,air,Methane,,kg,,,,,,85,,,,,,,,,,,,,
77dbd17a-5dac-4f22-a84c-1c4ca85af978,Emission to air,high population density,Methane,,kg,,,,,,,,,,,,,,,,,,,
8b9c9b8e-58a0-4e77-a0de-82d17cb44e59,Resource,unspecified,Methane,,kg,,,,,,,,,,,,,,,,,,,
ad362da4-86b8-3519-b904-d7f3be4328fe,emission,air,Methanol,,kg,,0.075985,,0.000119,,,,0.047145,0.09186,,,0.000463,,,,,,0.125754,
18281313-4dde-31e9-a1ac-c210254d7130,emission,air,Methyl bromide,,kg,,,,0.002755,,9,,,1330.978,,,0.617701,,,,1.649,,5.706362,
d9d4cb75-fb11-39de-aa9e-42f8ba87e1b3,troposphere,urban,Methyl bromide,,kg,,,,0.00276,,9,,,1532.712,,,0.618013,,,,1.649,,5.702029,
086497a9-ac6e-3e3f-9b16-d980cc0bb381,emission,air,Methyl ethyl ketone,,kg,,0.18704,,4.61E-05,,,,0.11605,0.007159,,,0.000739,,,,,,0.02443,
bf688e2e-ac31-3441-b17c-c8ab06c188c6,emission,water,Methyl ethyl ketone,,kg,,,,0.003414,,,,,0.008525,,,0.000669,,,,,,0.019938,
903e0cf9-6ef2-42a1-b3a8-364dfe6d04d3,Emission to air,lower stratosphere + upper troposphere,Methyl ethyl ketone,,kg,,,,,,,,,,,,,,,,,,,
f0267c81-ff66-36f6-ba35-11b522316310,emission,air,Methyl hydrazine,,kg,,,,1.619791,,,,,,,,0.469078,,,,,,3082.206,
da9d5cb9-ad52-3bca-99a9-650145f9cab5,emission,water,Methyl isobutyl ketone,,kg,,,,0.065274,,,,,0.00878,,,0.001555,,,,,,9.68E-05,
75fcbd28-5f1c-35a0-bcd0-76027c3689e9,troposphere,rural,Methyl isobutyl ketone,,kg,,0.30394,,0.005304,,,,0.188581,0.003115,,,0.003223,,,,,,56.88902,
02f393d6-bc1c-370e-9144-a022ddca1d0a,emission,air,Methyl methacrylate,,kg,,,,1.01E-05,,,,,5.861839,,,0.00018,,,,,,0.029335,
511e511b-bf77-410f-9ba4-11518b23001d,Emission to air,lower stratosphere + upper troposphere,Methyl methacrylate,,kg,,,,,,,,,,,,,,,,,,,
806ce2b4-1a8c-3844-8372-dd0fa3797c21,emission,air,Methyl tert-butyl ether,,kg,,,,,,,,,0.101032,,,,,,,,,,
72283fe0-b19a-38e4-aa8d-a3242f116f2e,saline water body,ocean,Methyl tert-butyl ether,,kg,,,,,,,,,0.006195,,,,,,,,,,
f9fd0074-f765-3f38-a150-2ca0a82c37be,emission,air,Methylene chloride,,kg,,0.017535,,3.89E-05,,33,0.259494,0.01088,9.948996,,,0.007845,,,,,,0.105585,
584410cc-1115-3c8f-a190-5231f0fdd5a2,fresh water body,river,Methylene chloride,,kg,,,,0.02916,,,0.189298,,7.05924,,,0.008306,,,,,,0.099796,
3dd138a5-bd77-3ae5-baf5-1c53acabb4b8,Waste,unspecified,Mineral waste,,kg,,,,,,,,,,,,,,,,,,,
f95a65ae-f63c-39be-a86a-cb9b547b781b,emission,water,Molybdenum,,kg,,,,,,,,,,,,,,,,,,,
58f64002-e4a0-48d8-865a-893f02cec62f,Resource,unspecified,Molybdenum,,kg,,,,,,,,,,,,,,,,,,,
ebf3aeb4-7a46-3029-a8f8-83d68f4d4ce5,emission,air,Naphthalene,,kg,,,,0.000945,,,,,5.717848,,,0.028599,,,,,,0.813356,
6db1dc8d-facf-347f-9885-53936a44286b,emission,water,Naphthalene,,kg,,,,2.33672,,,,,1.03228,,,0.109794,,,,,,0.966672,
98e6f0da-e688-4bf0-a5de-a192eb035fa9,Emission to air,lower stratosphere + upper troposphere,Naphthalene,,kg,,,,,,,,,,,,,,,,,,,
29212dbf-5c92-3200-aebd-52f80075b202,emission,water,"Naphthalenes, alkylated, unspecified",,kg,,,,,,,,,,,,,,,,,,,
1d7ea9df-7d3b-475f-b103-ce57b342788b,Emission to water,unspecified,"Naphthalenes, alkylated, unspecified",,kg,,,,,,,,,,,,,,,,,,,
ad1bd08b-d640-3605-803e-988d109197e0,air,subterranean,Natural gas,,MJ,,,-0.02184,,,,,,,,,,,,,,,,
ae604834-c49a-3ebb-b15b-06e6e89e427e,Resource,air,Natural gas,,MJ,,,-0.02184,,,,,,,,,,,,,,,,
50f56ea3-e292-3c09-89d2-74466af5f11e,emission,air,Nickel,,kg,,,,,,,,,,,,,,,,,,,
5a0f4337-3cdb-3484-84b4-67f1f5d0c113,emission,water,Nickel,,kg,,,,,,,,,,,,,,,,,,,
e43a270f-4f88-4789-a0b8-7aba56677743,Emission to air,high population density,Nickel,,kg,,,,,,,,,,,,,,,,,,,
63e7fe55-8549-11e0-9d78-0800200c9a66,Emission to water,unspecified,Nickel,,kg,,,,,,,,,,,,,,,,,,,
0995f4ad-2655-43a3-b98e-65d08af753a5,Resource,unspecified,Nickel,,kg,,,,,,,,,,,,,,,,,,,
d4625608-6ef8-3ce6-bfa4-0f96f3535e23,emission,water,Nitrogen,,kg,,,,,,,,,,,,,0.296842,,,,,,
dcfe0815-6fa3-4e1d-a55e-155b29904f1d,Emission to water,unspecified,Nitrogen,,kg,,,,,,,,,,,,,,,,,,,
e0b92d26-4203-3ae4-aa2d-db74fab4711b,Resource,air,Nitrogen,,kg,,,,,,,,,,,,,,,,,,,
6a1ef401-73a9-4bd9-9853-d633f2e99140,Resource,unspecified,Nitrogen,,kg,,,,,,,,,,,,,,,,,,,
a742c00e-7148-3f99-9ecc-16bb46bd2f4f,emission,air,Nitrogen dioxide,,kg,,1,,,,,,1,,,,,,,,,0.36,,
d9945575-a965-4bf3-9cd7-584263172abd,Emission to air,high population density,Nitrogen dioxide,,kg,,,,,,,,,,,,,,,,,,,
4490af97-53d7-4849-aa85-34b5a50e516b,Emission to air,lower stratosphere + upper troposphere,Nitrogen dioxide,,kg,,,,,,,,,,,,,,,,,,,
4382ba18-dd21-3837-80b2-94283ef5490e,emission,air,Nitrogen oxides,,kg,,,,,,,,,,,,,,,,,0.36,,
4841a0fe-c250-4a39-94a1-1bc31426c0f1,Emission to air,lower stratosphere + upper troposphere,Nitrogen oxides,,kg,,,,,,,,,,,,,,,,,,,
bc8e6793-7071-3c12-bac4-bb5adcb44f79,Technosphere Flows,CUTOFF Flows,"Nitrogen, liquid, at plant",,kg,,,,,,,,,,,,,,,,,,,
cfee0524-7ad6-300b-b050-6249135a2492,emission,air,Nitrous oxide,,kg,,,,,,264,,,,,,,,,,0.007,,,
c4234aa4-9b80-3763-98c0-8c68854d5ed0,troposphere,very high,Nitrous oxide,,kg,,,,,,264,,,,,,,,,,0.007,,,
d9a8b343-0d77-4fd1-9ac5-773c41208373,Emission to air,high population density,NMVOC,,kg,,,,,,,,,,,,,,,,,,,
fb778ab4-969f-33ce-9644-862f81ac0a8e,emission,water,o-Cresol,,kg,,,,1.527289,,,,,0.348075,,,0.038124,,,,,,0.107488,
262dcf26-d847-35e6-a96b-4d3e27555000,Emission to air,indoor,o-Cresol,,kg,,,,,,,,,,,,,,,,,,,
371dd7d6-178e-37c8-a648-b69256b742e8,emission,water,o-Xylene,,kg,,,,0.524685,,,,,,,,0.0099,,,,,,0.061988,
4b841af5-7061-4e59-89d4-cace8bc364e1,Emission to air,lower stratosphere + upper troposphere,o-Xylene,,kg,,,,,,,,,,,,,,,,,,,
2021cc6c-268d-3e0e-8007-8dec83ac951d,emission,water,Octadecane,,kg,,,,,,,,,,,,,,,,,,,
4ff72cfa-a0e3-4348-bbd0-151b87229ab8,Emission to air,unspecified,Octadecane,,kg,,,,,,,,,,,,,,,,,,,
86382895-8bd4-3a06-8690-741950b7d876,emission,air,Octane,,kg,,0.19873,,,,,,0.123303,,,,,,,,,,,
86957ef8-d6c4-3521-a7ef-db7121f6d813,emission,water,"Oil and grease, unspecified",,kg,,,,,,,,,,,,,,,,,,,
39587969-515b-3599-a403-78c461a936eb,emission,water,"Oils, unspecified",,kg,,,,,,,,,,,,,,,,,,,
713d211a-cd0b-3f13-9ab6-f88b4b1e40d5,Resource,unspecified,"Oils, unspecified",,kg,,,,,,,,,,,,,,,,,,,
517e8238-844a-49de-8ae2-039ca1123963,Resource,biotic,Olivine,,kg,,,,,,,,,,,,,,,,,,,
2ceaf954-3f37-390d-a1df-b705f837158f,emission,air,Organic acids,,kg,,,,,,,,,,,,,,,,,,,
2eed6375-9a52-459c-8a07-85d0bdde3a7f,Emission to air,unspecified,Organic acids,,kg,,,,,,,,,,,,,,,,,,,
1767d662-f96c-38d8-98e4-cc840d9aafd3,emission,air,Organic compounds,,kg,,,,,,,,,,,,,,,,,,,
40d12c27-b777-3c58-9492-094c352bfd99,emission,water,Organic compounds,,kg,,,,,,,,,,,,,,,,,,,
a7d5552f-3550-3c4f-82a7-06a802c9a638,water,fresh water body,Organic compounds,,kg,,,,,,,,,,,,,,,,,,,
97a0c2f4-6a88-3db0-bd03-777cdd5eb249,emission,water,Orthophosphate,,kg,,,,,0.33,,,,,,,,,,,,,,
3c12ea56-b2b0-3fb0-9214-46dc9af0ff0b,Resource,air,Oxygen,,kg,,,,,,,,,,,,,,,,,,,
4455910b-affc-3fe1-a3bb-4e823b5b5794,emission,water,p-Cresol,,kg,,,,3.752583,,,,,,,,0.092702,,,,,,0.221376,
fda3ef3b-239f-3989-a080-0bf59973ee99,Emission to air,indoor,p-Cresol,,kg,,,,,,,,,,,,,,,,,,,
d221cc8c-6727-32a7-a21a-19e92766ba4e,emission,water,p-Cymene,,kg,,,,0.658696,,,,,,,,0.012045,,,,,,0.024386,
8e880bf8-6567-3247-afb3-52a7b6c8ab5a,emission,water,p-Xylene,,kg,,,,0.520874,,,,,,,,0.009622,,,,,,0.043116,
f5936aab-5e0b-3d3b-b605-c72078038ebf,Emission to air,indoor,p-Xylene,,kg,,,,,,,,,,,,,,,,,,,
5d740c43-ad82-30f6-a434-445b9766f277,Waste,unspecified,"Packaging waste, paper and board",,kg,,,,,,,,,,,,,,,,,,,
c8054762-bd3a-3112-a0e1-e0890fb460aa,air,indoor,Particulate matter,,kg,,,,,,,,,,,,,,,,,,,
0418b561-ecf8-33c8-9c81-225789f15bd3,emission,air,Particulate matter,,kg,,,,,,,,,,,,,,,,,,,
a320e284-d276-3167-89b3-19d790081c08,emission,air,"Particulate matter, > 2.5μm and ≤ 10μm",,kg,,,,,,,,,,,,,,,,,,,
359ac149-4a08-3c9c-86d1-ba5478123202,troposphere,urban,"Particulate matter, > 2.5μm and ≤ 10μm",,kg,,,,,,,,,,,,,,,,,,,
5a939c2b-cebf-3060-8862-4a8650caf6dd,emission,air,"Particulate matter, ≤ 10μm",,kg,,,,,,,,,,,,,,,,,,,
48d340cf-08c0-31cf-968a-f3868783aef6,water,fresh water body,"Particulate matter, ≤ 10μm",,kg,,,,,,,,,,,,,,,,,,,
49a9c581-7c83-36b0-b1bd-455ea4c665a6,emission,air,"Particulate matter, ≤ 2.5μm",,kg,,,,,,,,,,,,,,,1,,,,
ca580fe0-8cec-3498-8aaf-9c907cd57a32,troposphere,high,"Particulate matter, ≤ 2.5μm",,kg,,,,,,,,,,,,,,,1,,,,
252c2e43-c6e3-3010-b045-72aa0e172abb,Emission to air,unspecified,Particulates,,kg,,,,,,,,,,,,,,,,,,,
6c7402f5-173f-358a-8724-db60071b5091,emission,air,Pentane,,kg,,0.2338,,,,,,0.145062,,,,,,,,,,,
c92226bf-aad5-3de0-808c-b01975bae521,emission,water,"Pentanone, methyl-",,kg,,,,,,,,,,,,,,,,,,,
7ae398c4-8532-11e0-9d78-0800200c9a66,Emission to water,unspecified,"Pentanone, methyl-",,kg,,,,,,,,,,,,,,,,,,,
12ae4a71-1402-36e9-ada8-fe6cb98c56ee,emission,air,Phenanthrene,,kg,,,,0.160673,,,,,,,,4.250601,,,,,,38.80824,
f4d494d1-6e82-3f63-a2d5-610f40dc08b4,emission,water,Phenanthrene,,kg,,,,57.00525,,,,,,,,7.346922,,,,,,37.01089,
2d76e779-d4cd-48c1-948c-aafeca21eef0,Emission to air,lower stratosphere + upper troposphere,Phenanthrene,,kg,,,,,,,,,,,,,,,,,,,
08e63ddf-e187-31d8-8acd-47ba881b2812,emission,water,"Phenanthrenes, alkylated, unspecified",,kg,,,,,,,,,,,,,,,,,,,
8bce7f46-2771-43e1-b3af-b6deaf8229aa,Emission to water,unspecified,"Phenanthrenes, alkylated, unspecified",,kg,,,,,,,,,,,,,,,,,,,
45880be9-788f-387b-8b1b-c38615cc48e2,emission,air,Phenol,,kg,,-0.02923,,0.007117,,,,-0.01813,0.320853,,,0.013052,,,,,,1.83577,
82fcc18d-8502-385b-8749-17b8f19fd177,emission,water,Phenol,,kg,,,,0.968741,,,,,0.3148,,,0.023719,,,,,,0.098142,
d8b6c259-4e1a-4482-8eed-237cde14f346,Emission to air,lower stratosphere + upper troposphere,Phenol,,kg,,,,,,,,,,,,,,,,,,,
1a3e8252-ba21-3955-9030-aeeec083dda8,air,stratosphere,Phenols,,kg,,,,,,,,,,,,,,,,,,,
48b51613-f8fc-326e-8cae-bc6394e237c8,emission,air,Phenols,,kg,,,,,,,,,,,,,,,,,,,
12812f0a-dd3e-3a55-b1fc-9fc7d5ea994f,emission,water,Phenols,,kg,,,,,,,,,,,,,,,,,,,
51ebde71-b96d-32e0-a8e3-d57f5e7f97fb,urban,ground-level,Phenyl ether,,kg,,,,0.007265,,,,,,,,0.123908,,,,,,2.293556,
1ab24e9c-18f9-3aeb-a968-d1c6f25a1ef4,Resource,ground,Phosphate ore,,kg,,,,,,,,,,,,,,,,,,,
1733622b-b54a-3202-8e58-4670a96ef6b3,emission,water,Phosphorus,,kg,,,,,1,,,,,,,,,,,,,,
7044c00f-1e27-4080-aaa2-c582c51fb8b3,Resource,unspecified,Phosphorus,,kg,,,,,,,,,,,,,,,,,,,
419eda5b-e24d-3698-8d8a-ec9f79cacf0f,Waste,unspecified,Plastic waste,,kg,,,,,,,,,,,,,,,,,,,
3bf6bb55-a2d2-36a1-988c-3caf0d73baf9,emission,air,Polycyclic aromatic hydrocarbons,,kg,,,,0.2735,,,31.95,,3.128699,,,12.065,,,,,,46.93602,
1964972d-5629-31de-9989-bf30f453253d,water,fresh water body,Polycyclic aromatic hydrocarbons,,kg,,,,13,,,0.032,,1.047517,,,1.07,,,,,,3.343831,
c19325cf-8ba0-34b3-b560-7e2db346d382,emission,air,Polycyclic organic matter,,kg,,,,,,,,,,,,,,,,,,,
d7561431-fe1f-3854-862b-a3d2840d39e1,emission,air,Propane,,kg,,0.08183,,,,,,0.050772,,,,,,,,,,,
592fa548-20aa-36e9-b703-68be0ff6f30a,emission,air,Propionaldehyde,,kg,,0.420841,,,,,,0.261112,,,,,,,,,,,
47e75500-f3d8-3a38-b22d-7f872651fa13,troposphere,rural,Propionaldehyde,,kg,,0.420841,,,,,,0.261112,,,,,,,,,,,
2014edbf-fd15-3674-8927-701264cb597f,emission,air,Propylene,,kg,,0.683866,,,,,,0.424307,,,,,,,,,,,
3a8fb64d-8e5d-3460-a446-b69ad72ba73b,troposphere,urban,Propylene,,kg,,0.683866,,,,,,0.424307,,,,,,,,,,,
2d6ad8a3-2e52-39c0-ba55-d9ad379705cb,emission,water,Propylene glycol,,kg,,,,,,,,,,,,,,,,,,,
2990d557-c693-4682-a408-ccfd16b64efa,Emission to air,lower stratosphere + upper troposphere,Propylene glycol,,kg,,,,,,,,,,,,,,,,,,,
4925db0d-7f56-3efa-ada9-eb799c3edd5b,emission,air,Propylene oxide,,kg,,,,,,,0.770881,,44.30989,,,,,,,,,,
5e02df40-53f4-42c4-b809-84a474fa08e8,Emission to air,lower stratosphere + upper troposphere,Propylene oxide,,kg,,,,,,,,,,,,,,,,,,,
b51b5cbd-b0cb-3104-b03b-4fbc12829a9e,emission,air,Pyrene,,kg,,,,1.870858,,,,,0.390261,,,41.26168,,,,,,233.0054,
386c33f9-5cb5-4ddb-b1b1-9abb1c69aa39,Emission to air,lower stratosphere + upper troposphere,Pyrene,,kg,,,,,,,,,,,,,,,,,,,
190624ea-8ca6-383c-aeb4-8efa942b544f,emission,air,Radionuclides,,kBq,,,,,,,,,,1,,,,,,,,,
cf99fc3b-5c94-31ca-a16b-c6c1f48b5054,emission,water,Radionuclides,,kBq,,,,,,,,,,2.64,,,,,,,,,
3e6bb656-ac20-3df0-8087-e76437e2daf5,water,fresh water body,Radionuclides,,kBq,,,,,,,,,,2.64,,,,,,,,,
444176fb-329e-3745-91e5-e2aefd718b28,emission,air,Radionuclides (Including Radon),,kg,,,,,,,,,,,,,,,,,,,
643aef04-de1f-3c91-a4d8-71f164dbe30f,emission,water,Radium-226,,kBq,,,,,,,,,,,,,,,,,,,
2eb231c3-447f-42e3-bcb6-fdcbdb8ee915,Emission to air,lower stratosphere + upper troposphere,Radium-226,,kBq,,,,,,,,,,,,,,,,,,,
02ee8bfe-ea2c-3dfd-944d-53bd8c43a42a,emission,water,Radium-228,,kBq,,,,,,,,,,,,,,,,,,,
e9041c16-9cae-4fc0-ac93-f9a486ef53db,Emission to air,lower stratosphere + upper troposphere,Radium-228,,kBq,,,,,,,,,,,,,,,,,,,
ba9e55fd-c5a6-41ef-9488-d6a6ee08f510,Technosphere Flows,CUTOFF Flows,"Recycling, hazardous waste, to recovery",,kg,,,,,,,,,,,,,,,,,,,
8191e38b-421f-4348-a2e0-29303147f2d1,Technosphere Flows,CUTOFF Flows,"Recycling, solid waste, to recycling or reuse",,kg,,,,,,,,,,,,,,,,,,,
838d9e24-cef2-30ca-a31c-38c1e8aaf3b7,ground,subterranean,Sand,,kg,,,,,,,,,,,,,,,,,,,
b6db14bd-73e9-3f02-852a-e8b5e60bbc61,emission,air,Selenium,,kg,,,,0.271952,,,,,,,,12.41698,,,,,,33276.68,
215fdef5-4bee-3402-b597-d0ae5c449b3b,emission,water,Selenium,,kg,,,,13.9229,,,,,,,,4.359361,,,,,,2.39E-16,
59d62bfc-235a-45c3-8740-4483b1cea7a2,Resource,unspecified,Selenium,,kg,,,,,,,,,,,,,,,,,,,
a4630e3f-a739-3241-ab29-39190b9fa0eb,Resource,unspecified,Shale,,kg,,,,,,,,,,,,,,,,,,,
4020c94c-829f-3e41-be2b-69255638d06b,emission,water,Silicate group,,kg,,,,,,,,,,,,,,,,,,,
48d23dba-9fe8-3ec8-9cbc-46df00a5b07e,water,fresh water body,Silicate group,,kg,,,,,,,,,,,,,,,,,,,
f3c908b3-a355-388d-aa06-adbfb8ce12dc,emission,water,Silver,,kg,,,,,,,,,,,,,,,,,,,
f5523a4a-4f4a-4d74-afa8-855943253541,Resource,unspecified,Silver,,kg,,,,,,,,,,,,,,,,,,,
b417665b-91e7-3e73-88df-1bc8e4fe3266,Waste,unspecified,Slags and ashes,,kg,,,,,,,,,,,,,,,,,,,
ba614600-af03-39a6-a0f5-897debdf159c,emission,water,Sodium,,kg,,,,,,,,,,,,,,,,,,,
9e4dae0a-e9a5-4ebe-aed7-3a383fcfe391,Resource,unspecified,Sodium,,kg,,,,,,,,,,,,,,,,,,,
f6c31640-a78e-4666-b1a1-a3eb174523d2,Resource,unspecified,Sodium chloride,,kg,,,,,,,,,,,,,,,,,,,
506ae452-128f-3fe8-81d7-368297149b2c,emission,water,Sodium sulfate,,kg,,,,,,,,,,,,,,,,,,,
73739d9c-564a-323a-878d-360193fc91e2,Resource,unspecified,Sodium sulfate,,kg,,,,,,,,,,,,,,,,,,,
81fab966-bdc6-3429-8d8b-3d2bd057f928,emission,water,Sodium(I),,kg,,,,,,,,,,,,,,,,,,,
8a4ae5c9-fcd0-328c-89a3-df7a74928bbb,fresh water body,river,Sodium(I),,kg,,,,,,,,,,,,,,,,,,,
42904b8f-ac78-3e54-8774-2d117b505a09,emission,water,Strontium,,kg,,,,,,,,,,,,,,,,,,,
3ebb5476-08c5-4c6c-a5ef-0ff2c639abb3,Resource,unspecified,Strontium,,kg,,,,,,,,,,,,,,,,,,,
69bc8b47-09b5-3a09-b7f4-3e4d2925ce5a,emission,air,Styrene,,kg,,0.029225,,1.00E-05,,,0.654856,0.018133,0.436288,,,0.000195,,,,,,0.010502,
ae949cd2-45b1-39fb-9c52-943019cdba9b,emission,water,Styrene,,kg,,,,0.39596,,,0.28091,,0.02107,,,0.007188,,,,,,0.013887,
2b676e9e-1e3b-45d6-b209-6ed3af61fc42,Emission to air,lower stratosphere + upper troposphere,Styrene,,kg,,,,,,,,,,,,,,,,,,,
0c241f3e-aa86-3804-8bd8-6082e2ad201f,emission,water,Sulfate,,kg,,,,,,,,,,,,,,,,,,,
d64c693d-aa5a-40de-a250-ed9d24b90542,Emission to air,lower stratosphere + upper troposphere,Sulfate,,kg,,,,,,,,,,,,,,,,,,,
caa29242-717c-37bd-b57b-de22a122d579,emission,water,Sulfide,,kg,,,,,,,,,,,,,,,,,,,
2094c764-dab5-4bea-9109-f631e5bcd5a8,Emission to soil,industrial,Sulfide,,kg,,,,,,,,,,,,,,,,,,,
40909f94-a484-353e-9a4b-4ec6a1fb966f,emission,water,Sulfur,,kg,,,,,,,,,,,,,,,,,,,
a2bb0239-156c-43d3-a41c-b5b4140785ec,Resource,unspecified,Sulfur,,kg,,,,,,,,,,,,,,,,,,,
f4973035-59f5-3bdc-b257-b274dcc04e0f,emission,air,Sulfur dioxide,,kg,,,,,,,,,,,,,,,,,1,,
8c52f40c-69b7-4538-8923-b371523c71f5,Emission to air,high population density,Sulfur dioxide,,kg,,,,,,,,,,,,,,,,,,,
16521d00-4b6f-464f-b5dd-8da4a27b15ca,Emission to air,lower stratosphere + upper troposphere,Sulfur dioxide,,kg,,,,,,,,,,,,,,,,,,,
42e4c3cb-8468-3004-bd4b-19e6cbb81687,emission,air,Sulfur oxides,,kg,,,,,,,,,,,,,,,,,1,,
0c143a06-6761-3c47-8006-ffcad7b58a10,Emission to air,lower stratosphere + upper troposphere,Sulfur oxides,,kg,,,,,,,,,,,,,,,,,,,
ed34465d-dcb1-3926-a995-ee361882cb1e,emission,water,Surfactants,,kg,,,,,,,,,,,,,,,,,,,
38785c94-b6fb-481c-ae3a-8087ebad14a7,Emission to water,unspecified,Surfactants,,kg,,,,,,,,,,,,,,,,,,,
f0c2682e-2a68-33f1-80bb-005ee7844eb0,emission,water,"Suspended solids, inorganic",,kg,,,,,,,,,,,,,,,,,,,
5d437b40-c676-3000-bc2b-9057eecc80bc,water,subterranean,"Suspended solids, inorganic",,kg,,,,,,,,,,,,,,,,,,,
22b4fc7f-687e-3a50-b586-5d7b2b25e627,Waste,unspecified,"Tailings, unspecified",,kg,,,,,,,,,,,,,,,,,,,
984f3962-1a35-3813-bbf1-e3887be06b6f,emission,air,Tetrachloroethylene,,kg,,0.005845,,0.000266,,,1.296731,0.003627,15.63058,,,0.074825,,,,,,0.594739,
bcc7b57f-4a33-32fd-afe4-6628dba839c7,water,fresh water body,Tetrachloroethylene,,kg,,,,1.226055,,,1.134839,,11.93575,,,0.120121,,,,,,0.568381,
670a7e81-4e50-3ee6-9a86-3e31d4f05778,emission,water,Tetradecane,,kg,,,,,,,,,,,,,,,,,,,
0f46e601-d884-30a1-bc1a-aeb02a1e8c88,Emission to soil,unspecified,Tetradecane,,kg,,,,,,,,,,,,,,,,,,,
6051a1f6-90e3-3231-b4e6-fdd69c961129,emission,water,Thallium,,kg,,,,,,,,,,,,,,,,,,,
b0352caa-91bc-4a56-99a1-5fe16f11ef1d,Resource,unspecified,Thallium,,kg,,,,,,,,,,,,,,,,,,,
e169f5f8-18bf-33b2-94d6-7c95d5a83259,emission,water,Tin,,kg,,,,4.247052,,,,,,,,1.050145,,,,,,6.15E-17,
17dfe28e-1351-4223-9329-819c1ba6904e,Resource,unspecified,Tin,,kg,,,,,,,,,,,,,,,,,,,
0f2dc726-d62a-3a67-bf97-af90ef81af0a,emission,water,Titanium,,kg,,,,,,,,,,,,,,,,,,,
574e768f-5eba-48a1-810a-e0b09286a7df,Resource,unspecified,Titanium,,kg,,,,,,,,,,,,,,,,,,,
95e24e9c-e1d9-3c71-8c32-fcf4b133dc10,Emission to air,high population density,"TOC, Total Organic Carbon",,kg,,,,,,,,,,,,,,,,,,,
cec4a04d-562a-4a38-a98f-5fb3d07eea6b,Emission to water,unspecified,"TOC, Total Organic Carbon",,kg,,,,,,,,,,,,,,,,,,,
3f72fe9c-b003-38ee-b8d2-13a84f60506c,emission,air,Toluene,,kg,,0.25718,,1.60E-05,,,,0.159569,0.462457,,,0.000367,,,,,,0.031131,
f7ebc6df-b3ee-30de-b6e8-c70e155854b3,emission,water,Toluene,,kg,,,,0.139065,,,,,0.071369,,,0.002759,,,,,,0.030101,
39946c56-cdf6-4a22-9ac9-1cd333b65533,Emission to air,high population density,Toluene,,kg,,,,,,,,,,,,,,,,,,,
0b0d8098-ecbf-4020-afd6-4bcf9db686ce,Emission to air,lower stratosphere + upper troposphere,Toluene,,kg,,,,,,,,,,,,,,,,,,,
61a45604-2ff4-384b-8d90-bae7206c2540,emission,water,Total dissolved solids,,kg,,,,,,,,,,,,,,,,,,,
e538e563-5885-36ea-9b8b-63ceed196a87,water,saline water body,Total dissolved solids,,kg,,,,,,,,,,,,,,,,,,,
2f1ba44b-e661-3677-81dd-ff0086adf2fe,emission,air,Total Organic Carbon,,kg,,,,,,,,,,,,,,,,,,,
cbf6df8e-c4a2-3920-a97a-2238ccb7bc6c,emission,water,Total Organic Carbon,,kg,,,,,,,,,,,,,,,,,,,
250ac737-b4e4-3288-8ce9-f75f1b70db1f,water,saline water body,Total Organic Carbon,,kg,,,,,,,,,,,,,,,,,,,
5ad60ebf-0454-3157-ba57-5e989b8bbbfe,Technosphere Flows,CUTOFF Flows,"Transport, pipeline, coal slurry",,t*km,,,,,,,,,,,,,,,,,,,
63cd7d9e-4d73-4c4e-a87b-636959052b6c,Technosphere Flows,CUTOFF Flows,"Treated drinking water, at plant",,kg,,,,,,,,,,,,,,,,,,,
53effec4-058b-3ab7-b7d5-005d39dd0eb9,emission,air,Tribromomethane,,kg,,,,0.002221,,,,,5.342725,,,0.223208,,,,,,4.407051,
7231fd71-af3b-3289-8c0e-d87f43f7e92e,ground,subterranean,Uranium oxide,,MJ,,,,,,,,,,,,,,,,,,,
17f224af-6c5a-39df-892e-ea4c10be928a,Resource,ground,Uranium oxide,,MJ,,,,,,,,,,,,,,,,,,,
f5d6980f-0bab-38e7-a203-95da64eb6091,emission,water,Vanadium,,kg,,,,175.2393,,,,,27.57862,,,75.85338,,,,,,3.93E-15,
7aec0bae-6959-48cd-8178-138b49416edb,Resource,unspecified,Vanadium,,kg,,,,,,,,,,,,,,,,,,,
ca50de59-971c-3414-8f6b-3a1b0062aba8,emission,air,Vinyl acetate,,kg,,,,8.10E-05,,,0.023497,,2.484125,,,0.001545,,,,,,0.242299,
7bf9443a-4c51-401c-a6f9-82d3da130e91,Emission to air,lower stratosphere + upper troposphere,Vinyl acetate,,kg,,,,,,,,,,,,,,,,,,,
75916a3a-6831-452a-940e-39492ce15941,Emission to air,high population density,"VOC, volatile organic compounds, unspecified origin",,kg,,,,,,,,,,,,,,,,,,,
6f861846-1c4c-3fc9-a198-56b2d9abd83b,emission,air,Volatile organic compounds,,kg,,0.29,,,,,,0.18,,,,,,,,,,,
6a1916f0-c6d9-36b9-a86e-7b5a3bffaf32,water,fresh water body,Volatile organic compounds,,kg,,,,,,,,,,,,,,,,,,,
2f3242cd-2f6b-38ae-9e23-f75559aa000a,Waste,unspecified,Waste to recycling,,kg,,,,,,,,,,,,,,,,,,,
fd265cb4-b88a-3aa8-9b63-c338f1894c31,Waste,unspecified,"Waste, from incinerator",,kg,,,,,,,,,,,,,,,,,,,
5d4e2a94-98a6-352c-bb33-54d7257bf2a6,Waste,unspecified,"Waste, industrial",,kg,,,,,,,,,,,,,,,,,,,
7fbc72e9-6229-31f7-8d74-7b8e1cf2de03,Waste,unspecified,"Waste, solid",,kg,,,,,,,,,,,,,,,,,,,
5677a205-a4fb-44cd-9c62-05195db926a6,Emission to air,lower stratosphere + upper troposphere,Water,,kg,,,,,,,,,,,,,,,,,,,
e2eb491c-78ff-3123-9e42-494c7d199b44,Resource,water,Water,,kg,,,,,,,,,,,,,,,,,,,-0.001
8ba7dd57-b502-397b-944a-f63c6615f754,Resource,water,"Water, fresh",,kg,,,,,,,,,,,,,,,,,,,
15ae10d6-c0de-367c-9261-b686f723bb01,Resource,in water,"Water, groundwater consumption",,kg,,,,,,,,,,,,,,,,,,,
f99ba19c-1f18-3c01-8b48-5986ed108a77,Waste,unspecified,Wood waste,,kg,,,,,,,,,,,,,,,,,,,
aef9d0ff-6482-3b1d-a53e-4d738bdcd9b1,emission,air,Xylene,,kg,,,,1.00E-05,,,,,0.825795,,,0.000206,,,,,,0.017403,
11b4481a-d297-349a-89fc-102009c1410c,emission,water,Xylene,,kg,,,,0.154853,,,,,0.069223,,,0.002922,,,,,,0.018295,
6da40876-a6ab-459e-ba17-9a5e3d4da146,Emission to air,lower stratosphere + upper troposphere,Xylene,,kg,,,,,,,,,,,,,,,,,,,
5f38d379-fe5b-354c-83b3-cba734266e82,emission,water,Yttrium,,kg,,,,,,,,,,,,,,,,,,,
d022f280-167b-4ce8-ba3a-d8be6f22c3c6,Resource,unspecified,Yttrium,,kg,,,,,,,,,,,,,,,,,,,
435bfa52-d2d3-3760-abf4-27de892972ac,emission,air,Zinc,,kg,,,,,,,,,,,,,,,,,,,
41f104ab-8f49-3924-9b57-98ed81cd54a0,emission,water,Zinc,,kg,,,,,,,,,,,,,,,,,,,
a1569b7b-2b28-43ab-81fd-19795ba7aea3,Resource,unspecified,Zinc,,kg,,,,,,,,,,,,,,,,,,,
f65de94f-7473-4d05-92d1-e9885bec19a5,Resource,biotic,"Zinc, Zn 3.1%, in mixed ore",,kg,,,,,,,,,,,,,,,,,,,