,,,,,,UUID,6037e49a-4adb-3a31-a23d-c82569e3242f,8c5a0a4c-ea1a-33b6-a973-43988d1b61f4,2888aa63-f97b-3407-b56e-4d103dc1246d,d21c7132-2861-3d6b-9bc8-590627a087b4,0a8ce516-20fa-3b01-bbbe-c0b8cb4e4c63,4635115b-b3bd-3883-825b-fb0eab57381f,cfb3b79b-2141-3357-91d4-b8e3f00586d4,264097d3-cd2c-3d75-998a-f170ab543c9a,cdced312-e381-31c7-9a62-309fa62b3ba2
,,,,,,Sub category,Acidification,Eutrophication,Freshwater ecotoxicity,Global warming,Human health - cancer,Human health - non-cancer,Human health - particulate matter,Ozone depletion,Smog formation
,,,,,,Category,TRACI 2.1,TRACI 2.1,TRACI 2.1,TRACI 2.1,TRACI 2.1,TRACI 2.1,TRACI 2.1,TRACI 2.1,TRACI 2.1
,,,,,,Unit,kg SO2 eq,kg N eq,CTUeco,kg CO2 eq,CTUcancer,CTUnoncancer,PM 2.5 eq,kg CFC-11 eq,kg O3 eq
UUID,Category,Sub category,Elementary flowname,Elementary flow location,Unit,,,,,,,,,,
0c56aee4-7e22-3e85-8e83-34829f3e8304,emission,air,"1,1,1-Trichloroethane",,kg,,,,0.204953177,146,,1.77309E-08,,0.12,0.004879744
c2d517e6-4c5d-3002-8a0d-54434c5a3bae,emission,air,"1,2-Dichloroethane",,kg,,,,0.151629931,,4.14623E-07,,,,0.214646154
457411b2-4dac-3eb2-965d-97b60660afa2,emission,air,"1,3-Butadiene",,kg,,,,,,5.71274E-07,8.54881E-07,,,12.61210256
1f799425-898b-34ee-9bff-250472b98b2e,emission,water,"1,3-Butadiene",,kg,,,,,,4.62445E-07,6.92025E-07,,,
ad64464c-1ff3-36e2-b7cd-8e404a62f7f2,emission,air,1-Butene,,kg,,,,,,,,,,9.726589744
f5a30284-67a4-3a99-83ee-b7a486a2d196,emission,air,1-Hexene,,kg,,,,6.58972E-05,,,,,,5.492384615
47c8b76f-f52e-3f52-bccf-19eb92a9fd54,emission,water,1-Methylfluorene,,kg,,,,,,,,,,
837fe205-9c25-3550-84bc-3f5285f9a25d,emission,air,1-Octene,,kg,,,,,,,,,,3.253435897
ceb19cad-78ed-3635-902c-d7ac03e5b830,emission,air,"2,3,7,8-Tetrachlorodibenzo-p-dioxin",,kg,,,,124675.9183,,29.05797942,,,,
c979ddf8-5576-36eb-bc76-040e01f99cc6,emission,water,"2,4-Dimethylphenol",,kg,,,,1278.510614,,,3.65697E-07,,,
7fdbc046-29ad-3377-a9c1-a45031e0cd53,emission,air,"2,4-Dinitrotoluene",,kg,,,,680.5961624,,,1.17885E-05,,,
bc661fdc-7c3a-3ce3-81dd-7c3ac1f859a8,air,stratosphere,2-Chloroacetophenone,,kg,,,,2284.365935,,,0.000713652,,,
f7cebd38-4cdb-39ba-aa58-b9970b32743c,emission,water,2-Hexanone,,kg,,,,11.06385553,,,,,,
92c83b8e-2ed2-31af-a119-b29023aa3798,emission,air,2-Methylbutane,,kg,,,,,,,,,,1.445748718
8ec9de49-e009-3d2f-bc58-502fb0da5a3f,emission,water,2-Methylnaphthalene,,kg,,,,2670.301686,,,2.70799E-07,,,
5131a370-a6cf-3a72-8756-6aa30666e3f7,emission,air,2-Methylpentane,,kg,,,,,,,,,,1.502284615
e938bd59-d414-3da4-b524-a13c18a50706,emission,water,3-Methylcholanthrene,,kg,,,,22211530.05,,4.18312E-05,,,,
647cac25-44c0-35e5-88c8-8935f2660071,emission,air,5-Methylchrysene,,kg,,,,,,,,,,
a1786d5d-c7f9-3cb2-9879-cf0325b72658,emission,water,"7,12-Dimethylbenz[a]anthracene",,kg,,,,,,0.003190834,,,,
43aed9d7-5a9b-3f3e-8d51-cc8bebd9a9a1,emission,air,Acenaphthene,,kg,,,,3.029619636,,,2.80084E-08,,,
34b07e52-3833-3665-aeec-01aed3f78362,emission,air,Acenaphthylene,,kg,,,,,,,,,,
09dc3fe9-7e57-321f-9e04-34375bf2a0b7,emission,air,Acetaldehyde,,kg,,,,0.292418003,,9.51071E-08,4.88139E-07,,,6.539230769
031590c9-2a66-3ecc-8f20-613e5fe40c1a,emission,water,Acetone,,kg,,,,1.213309066,,,5.86315E-09,,,
8384736f-93e4-3edc-af93-47bdc7ef9fc7,emission,air,Acetophenone,,kg,,,,2.452847405,,,1.05938E-08,,,
ba9cee15-a144-3c38-9a3b-36931d4e64e9,emission,air,Acrolein,,kg,,,,106.6102461,,,0.00073174,,,7.450692308
fe676e41-1df5-3f0f-9006-ca7e0ab442db,Resource,air,Air,,kg,,,,,,,,,,
362f59ba-5bb1-3a44-aaa1-ce7a3e60d0e2,emission,air,Aldehydes,,kg,,,,,,,,,,
9a36d2c5-a47d-3020-9dd2-00b6713b2e0c,emission,air,"Aldehydes, unspecified",,kg,,,,,,,,,,
d961f86b-e36b-4ac6-8cd4-b253e496de79,Emission to air,high population density,"Aldehydes, unspecified",,kg,,,,,,,,,,
2b8613fe-c7db-355d-9754-baebbc92512f,emission,water,Aluminum,,kg,,,,,,,,,,
65b5d5dd-95b5-36b2-8cb0-7c5501ff1e32,emission,air,Ammonia,,kg,,1.88,0.1186,,,,,0.066666667,,
2d117fdd-370d-331c-b07c-b0172c4a10ef,emission,water,Ammonia,,kg,,,0.7793,,,,,,,
9990b51b-7023-4700-bca0-1a32ef921f74,Emission to air,high population density,Ammonia,,kg,,,,,,,,,,
d9134087-d959-37a7-b2b0-6c8a620f4c4d,emission,water,Ammonium,,kg,,,0.7793,,,,,,,
cf3a10a8-cc6a-3bf5-ada3-b2626091ed50,emission,air,Ammonium chloride,,kg,,,,,,,,,,
fb005c47-7b90-41f3-a5ca-f0eb11db354a,Emission to water,unspecified,"Ammonium, ion",,kg,,,,,,,,,,
5aaca76f-ed8b-3dc6-9cb3-597421c567ac,emission,air,Anthracene,,kg,,,,689.4793352,,,7.54061E-09,,,
9de688f4-2302-3557-b50c-0f1d304977f4,emission,air,Antimony,,kg,,,,491.036034,,,0.000170539,,,
dde20124-511b-3e0d-8834-5ddd88e15cba,emission,water,Antimony,,kg,,,,1221.5184,,,0.000364133,,,
2b16d0b5-4713-3bb8-be5b-905382f0e8a8,emission,air,Arsenic,,kg,,,,6405.04499,,0.000333161,0.01679645,,,
e3bcc418-eca5-39a0-a128-e2716b806624,emission,water,Arsenic(V),,kg,,,,40390.21834,,0.000368977,0.027331654,,,
2c5aef1c-7cf7-30ee-8a87-ba4682327767,emission,air,Barium,,kg,,,,609.6410529,,,4.18682E-05,,,
a1e9b66c-ac46-35e8-bba3-318f6556a90f,emission,water,Barium,,kg,,,,1526.106911,,,9.81537E-05,,,
ba97642d-9c4d-3fd0-8374-cd4ea433b9ef,Resource,unspecified,"Baryte, resource correction",,kg,,,,,,,,,,
248c35a7-7964-3f7b-aff8-9f29e983835e,emission,air,Benz[a]anthracene,,kg,,,,3940.56662,,,,,,
565c5d1a-1e0e-35f3-82a0-4845c43d3dcf,emission,air,Benzene,,kg,,,,0.0639986,,2.97026E-07,7.52121E-08,,,0.720728205
67999cea-e58a-3044-95a9-4b45269260fd,emission,water,Benzene,,kg,,,,65.98305935,,2.42356E-07,6.13689E-08,,,
1bb6a502-3ff9-4a79-835c-5588b855f1f5,Emission to air,high population density,Benzene,,kg,,,,,,,,,,
6e1d6c76-51e8-3719-92a2-aaabf23f3405,emission,water,"Benzene, pentamethyl-",,kg,,,,,,,,,,
6187175f-c6b5-313b-9128-f3a0a1ccd2c5,emission,water,"Benzenes, alkylated, unspecified",,kg,,,,,,,,,,
76bd7eb9-a592-319f-9234-9a469de5bd59,emission,air,Benzo[a]pyrene,,kg,,,,107.014536,,3.48799E-05,,,,
c19f72d2-41a0-3218-ba4f-61fa392accd6,emission,air,Benzo[ghi]perylene,,kg,,,,,,,,,,
24cfa2d1-ba72-371f-9d3f-cc121bc063f1,emission,air,Benzofluoranthene,,kg,,,,,,,,,,
919666cc-3aa4-3706-b883-2d25484d4532,emission,water,Benzoic acid,,kg,,,,288.933793,,,2.81569E-07,,,
f0616d3c-8ad2-364a-aaae-42f0651f32e8,emission,air,Benzyl chloride,,kg,,,,4.178229698,,5.54148E-07,,,,
0346d063-4db1-3f52-a695-892c4c98d443,emission,air,Beryllium,,kg,,,,1621.987585,,6.35054E-05,0.047053068,,,
c00fa432-1dcc-3bf3-870f-4043c05cc887,emission,water,Beryllium,,kg,,,,3719.353479,,1.93229E-25,4.44322E-06,,,
869b1948-3e39-3b70-a244-f4f543cbf690,saline water body,ocean,Bicarbonate,,kg,,,,,,,,,,
27b840cc-1f41-3943-8ea8-6d68b44b7f81,emission,water,Biological Oxygen Demand,,kg,,,0.05,,,,,,,
3889aaab-df67-4574-89cd-75ca586cdf1f,Resource,biotic,Biomass,,kg,,,,,,,,,,
52e6476c-bc9d-3aa2-bfb8-6597393b87d1,emission,air,Biphenyl,,kg,,,,6.657596298,,,8.14163E-08,,,
1e9fb400-240f-31cf-8074-00580c0207a3,emission,water,Biphenyl,,kg,,,,2196.259851,,,2.69655E-07,,,
91955aba-6ebc-4413-9342-f0298860b4aa,Emission to water,unspecified,"BOD5, Biological Oxygen Demand",,kg,,,,,,,,,,
57152560-592a-383f-89b1-a77d7d432ad8,emission,water,Boron,,kg,,,,,,,,,,
7d2d94b8-a7a3-3670-b74d-1fc75b7ed55e,emission,water,Bromide,,kg,,,,,,,,,,
d5a296be-7219-3921-a430-cff172ac7911,emission,air,Cadmium,,kg,,,,3938.524791,,0.000216825,0.045481397,,,
c3ff0a51-912f-3024-ad17-f52074cfd989,emission,water,Cadmium(II),,kg,,,,9712.29169,,1.59005E-06,0.000426599,,,
5408dd06-70db-3ce6-b304-c391983fd003,emission,water,Calcium,,kg,,,,,,,,,,
b2466693-6cf5-3100-be3c-8fbc5d971d8f,ground,subterranean,Calcium sulfate,,kg,,,,,,,,,,
00be59d0-ecd7-35ff-86e6-9bd2a790f0c6,emission,water,Calcium(II),,kg,,,,,,,,,,
b6f010fb-a764-3063-af2d-bcb8309a97b7,emission,air,Carbon dioxide,,kg,,,,,1,,,,,
643975a8-03da-44bb-873f-4fe8e7740fe6,Emission to air,high population density,Carbon dioxide,,kg,,,,,1,,,,,
5fe16b97-3332-38eb-8030-b62db19473eb,emission,air,Carbon disulfide,,kg,,,,2.307011338,,,4.99421E-05,,,0.246133333
187c525c-3715-388c-b303-a0671524a615,emission,air,Carbon monoxide,,kg,,,,,,,,0.000355556,,0.055622308
620bc2f6-cf71-4dde-bba9-c6e8fdec5e23,Emission to air,high population density,Carbon monoxide,,kg,,,,,,,,,,
3fb21335-87be-3726-b31a-8fc9e98ad9cc,troposphere,rural,Carbon monoxide,,kg,,,,,,,,0.000355556,,0.055622308
f7467352-e7d9-3924-b763-f26bb26ce4cc,emission,air,Carbon tetrachloride,,kg,,,,1.066649883,1400,4.66699E-05,0.000154828,,0.73,
6cf31d03-c6c7-4a8f-9abb-31e89c7d1804,Emission to air,high population density,"Carbon, organic bound",,kg,,,,,,,,,,
721121c7-a4c7-3fc1-bbc4-7fbaecc2fbe2,emission,water,Carbonate,,kg,,,,,,,,,,
c70f1e1d-017a-3aa4-9614-fa723adbf49d,emission,air,CFC-13,,kg,,,,,14400,,,,1,
924cc8cf-ddf6-3b1a-9fbe-489c095c1f01,emission,water,Chemical Oxygen Demand,,kg,,,0.05,,,,,,,
f25fdf2c-716f-3a3d-a3f8-86d94ab82d89,Waste,unspecified,"Chemical waste, inert",,kg,,,,,,,,,,
36d26020-74dd-3bf9-9ef6-55da78d1e430,Waste,unspecified,"Chemical waste, regulated",,kg,,,,,,,,,,
3811e08a-d742-32a5-b2a2-6508ef1417ff,Waste,unspecified,"Chemical waste, unspecified",,kg,,,,,,,,,,
fa84fbb8-4be1-37f3-ac91-db650ab1511b,emission,water,Chlorate,,kg,,,,,,,,,,
b415204e-1506-3fc6-8e4b-97f8e64403b8,emission,water,Chloride,,kg,,,,,,,,,,
c4da1480-4f19-3d01-8f04-8432c38991b1,emission,air,Chlorine,,kg,,,,,,,,,,19.11820513
0fe64d97-61d5-3366-9778-8c39d00edd73,emission,air,Chlorobenzene,,kg,,,,0.84584507,,1.05009E-07,1.08748E-07,,,0.319289744
a48770cd-a7a2-3e86-9e1b-083d68ba4351,emission,air,Chloroethane,,kg,,,,,,3.04996E-08,1.1311E-09,,,0.287235897
9fc17701-9417-3281-b9a3-d7ab3ecc1c57,emission,air,Chloroform,,kg,,,,0.281948739,31,2.30592E-07,1.32026E-06,,,0.021508718
3e771661-38c3-332b-b4cb-8e2421b045ce,emission,air,Chloromethane,,kg,,,,0.063161257,13,,5.4824E-07,,0.02,0.038320769
57facb29-666b-34eb-96a3-670f6d995798,emission,water,Chloromethane,,kg,,,,9.116993336,,,4.24899E-07,,,
98bd36e1-fbe4-32ee-ba78-3b6726917c9b,emission,air,Chromium,,kg,,,,519.2528295,,,2.57751E-09,,,
8a7ef355-2f16-3368-afc8-cf40ed441619,emission,water,Chromium,,kg,,,,1294.592668,,,3.02674E-09,,,
ac249128-5489-3eb8-bfb8-61c0b93d2e07,emission,air,Chromium(VI),,kg,,,,41972.49104,,0.004452337,0.000415742,,,
993fb955-f686-37f7-96e1-22b8c2a35ced,emission,air,Chrysene,,kg,,,,,,,,,,
f278e215-32a3-42a7-85c2-3d6ccad89b83,Resource,biotic,"Clay, bentonite",,kg,,,,,,,,,,
e1529a04-8d05-3502-a65d-4c810ceeaa53,ground,subterranean,"Coal, bituminous",,MJ,,,,,,,,,,
e344d353-61b8-3be6-a2a5-fd5ee93d8a89,Resource,ground,"Coal, bituminous",,MJ,,,,,,,,,,
de2f54e4-dbbe-3850-a341-c6d921dbfdec,Resource,ground,"Coal, lignite",,MJ,,,,,,,,,,
e0d81f05-0407-3fc9-9f11-e2d22a6edebd,emission,air,Cobalt,,kg,,,,1714.296418,,,,,,
7cbf7556-2b17-3cc2-97cf-5c9e24e50d65,emission,water,Cobalt,,kg,,,,4099.422994,,,,,,
961ccd56-2eee-4f57-bb18-fc4362b49000,Emission to water,unspecified,"COD, Chemical Oxygen Demand",,kg,,,,,,,,,,
1531f168-fb3e-3f1c-a86b-b77cf607b4da,Waste,unspecified,Construction waste,,kg,,,,,,,,,,
b15117ec-3b8e-35de-bef2-00aec1b9636e,emission,air,Copper,,kg,,,,23205.11836,,,1.34414E-05,,,
965958b3-8368-3395-a55d-f6f819e40587,emission,water,Copper,,kg,,,,55247.57233,,,8.62676E-07,,,
230bcc03-ec64-394a-bdda-e93b3cd765d4,ground,subterranean,Copper,,kg,,,,,,,,,,
a58df7ff-b222-34c4-8fc0-2dddf59c933d,emission,water,Copper(I),,kg,,,,,,,,,,
dce9617d-7a15-32be-adcb-f01854016ebc,emission,water,Cresol,,kg,,,,938.3180157,,,,,,
0ed0590b-2e71-385e-86bb-3d2ea0505734,water,subterranean,Crude oil,,MJ,,,,,,,,,,
8f6e0975-9a80-3709-8ee7-1e4c0a9c9e1c,emission,air,Cumene,,kg,,,,0.082402303,,,1.11219E-08,,,2.515538462
37037bee-9867-3769-999c-c4d891b9975b,emission,air,Cyanide,,kg,,,,,,,,,,
3b66fd84-6bf2-3a57-bd4c-f779d71fee69,emission,water,Cyanide,,kg,,,,,,,,,,
12b39b80-c5cb-3410-9968-c6e41304f7d0,emission,air,Cyclohexane,,kg,,,,0.000500503,,,1.16135E-08,,,1.250128205
ad141e8f-c6d9-4404-b276-6857aadcd79f,CUTOFF Flows,ecoinvent 3.2,"Cyclohexane, production",,kg,,,,,,,,,,
b7333c73-5e11-36c0-9e18-651c5655c163,emission,air,Decane,,kg,,,,0.001955056,,,,,,0.684464103
0c8c9877-5938-36dd-910b-48daed6913e1,emission,water,Decane,,kg,,,,1253.328354,,,,,,
3a69da78-6892-3a5a-996d-2764daa377f3,emission,water,"Detergent, oil",,kg,,,,,,,,,,
8260ccad-b692-3ae8-babd-fcd7f626ca49,emission,water,"Detergents, oil",,kg,,,,,,,,,,
3600a034-449c-3066-9960-6a13903c310d,emission,air,Di(2-ethylhexyl) phthalate,,kg,,,,6.138484618,,1.14159E-07,1.5918E-06,,,
8748d8b2-558f-343d-93d5-2d8a7ed2f500,emission,water,"Dibenz[a,j]acridine",,kg,,,,,,,,,,
a3d33ea6-76e3-37fc-b15e-1120f4128b10,emission,water,Dibenzofuran,,kg,,,,2147.340403,,,,,,
b2661705-4693-3796-b582-f598499b4157,emission,water,Dibenzothiophene,,kg,,,,26831.17059,,,,,,
48f34f79-a52a-3692-9931-5b7b678fd1f5,emission,water,Dimethyl phthalate,,kg,,,,167.1412847,,,,,,
5bbebaed-96df-3384-8338-4316f2d429a1,troposphere,rural,Dimethyl sulfate,,kg,,,,135.4424051,,,,,,
6dc1b46f-ee89-4495-95c4-b8a637bcd6cb,Emission to air,high population density,Dinitrogen monoxide,,kg,,,,,,,,,,
a097bf04-8dd1-34dc-b5ef-3e7e18dd07e0,Technosphere Flows,CUTOFF Flows,"Disposal, ash and flue gas desulfurization sludge, to unspecified reuse",,kg,,,,,,,,,,
a98db096-441e-4783-900f-b6693ecde0c9,Technosphere Flows,CUTOFF Flows,"Disposal, hazardous waste, to incineration with energy recovery",,kg,,,,,,,,,,
ac003090-67b7-4364-b690-807d12019627,Technosphere Flows,CUTOFF Flows,"Disposal, hazardous waste, to incineration without energy recovery",,kg,,,,,,,,,,
42929598-5cd9-4fac-a79d-fd0ab85a4176,Technosphere Flows,CUTOFF Flows,"Disposal, hazardous waste, to unspecified hazardous waste landfill",,kg,,,,,,,,,,
51b388e1-32b9-33e7-857d-6543bc69f12c,Technosphere Flows,CUTOFF Flows,"Disposal, lignite coal combustion byproducts, to unspecified reuse",,kg,,,,,,,,,,
df2b3c59-4923-41b4-ac38-967884123025,Technosphere Flows,CUTOFF Flows,"Disposal, solid waste, process, to sanitary landfill",,kg,,,,,,,,,,
b2e4bf62-46b0-4a88-8853-86694d26244d,Technosphere Flows,CUTOFF Flows,"Disposal, solid waste, to incineration with energy recovery",,kg,,,,,,,,,,
c3a414cf-44c3-409b-8481-7c0fafdb225c,Technosphere Flows,CUTOFF Flows,"Disposal, solid waste, to incineration without energy recovery",,kg,,,,,,,,,,
f2960e88-4ca9-4f6c-9813-71e66edc37b7,Technosphere Flows,CUTOFF Flows,"Disposal, solid waste, unspecified",,kg,,,,,,,,,,
ee9ac558-402f-3594-a3e3-0ee7dec4440d,Technosphere Flows,CUTOFF Flows,"Disposal, solid waste, unspecified, to municipal incineration",,kg,,,,,,,,,,
838cef47-a3a6-3dce-bcb2-560991c5e95c,Technosphere Flows,CUTOFF Flows,"Disposal, solid waste, unspecified, to sanitary landfill",,kg,,,,,,,,,,
627f237d-8d6e-3257-b539-0637dacdf768,Technosphere Flows,CUTOFF Flows,"Disposal, solid waste, unspecified, to underground deposit",,kg,,,,,,,,,,
c3c58b7e-6561-36c7-a537-b10b1f2a5e39,Technosphere Flows,CUTOFF Flows,"Disposal, solid waste, unspecified, to unspecified treatment",,kg,,,,,,,,,,
5d2b8abb-4d07-3515-b955-46a086e599f6,Technosphere Flows,CUTOFF Flows,"Disposal, solid waste, unspecified, to waste-to-energy",,kg,,,,,,,,,,
0950274b-38ce-3248-8f61-2dba9026bf8f,emission,water,Dissolved Organic Carbon,,kg,,,,,,,,,,
79cd1bbd-1202-426a-bd11-0e81c37166a9,Emission to water,unspecified,Dissolved organic matter,,kg,,,,,,,,,,
71ab2307-5ca5-4b22-9f13-3bac704c5e0c,Emission to water,fresh water,Dissolved solids,,kg,,,,,,,,,,
346f49b9-598c-3f47-96c8-b47ccdb5a01f,emission,water,Docosane,,kg,,,,,,,,,,
4acda2b2-105c-30e7-bb18-31ffb1a63c5c,emission,air,Dodecane,,kg,,,,,,,,,,0.554979487
637c2a11-389c-3555-a5be-62d3823dbd2a,emission,water,Dodecane,,kg,,,,,,,,,,
1b06ec7f-4aae-4b05-b83f-31dc0a3034ec,Resource,biotic,Dolomite,,kg,,,,,,,,,,
c22b0e5b-731c-47fb-8003-effcec85f5e9,Emission to air,unspecified,"Dust, unspecified",,kg,,,,,,,,,,
c69ad153-4e30-39ac-92e0-ded6825e8ec8,emission,water,Eicosane,,kg,,,,,,,,,,
8ca9c802-e837-30d6-a921-3bc7ea7d8448,Technosphere Flows,CUTOFF Flows,"Electricity, at wind power plant, unspecified",,MJ,,,,,,,,,,
7f11b3fc-4396-3cb0-b1c6-4016a7c31533,Technosphere Flows,CUTOFF Flows,"Electricity, biomass, gas, landfill, at power plant",,MJ,,,,,,,,,,
50a39fc4-b698-37e8-b8f9-0142a6ef76ce,Technosphere Flows,CUTOFF Flows,"Electricity, biomass, solid, agriculture by-products, at power plant",,MJ,,,,,,,,,,
29ae9fce-0435-3a0a-bedc-1ee78b6b4b3e,Technosphere Flows,CUTOFF Flows,"Electricity, biomass,liquid, unspecified, at power plant",,MJ,,,,,,,,,,
e4229062-5210-3132-a1a2-a946454ffaf2,Technosphere Flows,CUTOFF Flows,"Electricity, geothermal, unspecified",,MJ,,,,,,,,,,
4b4d38d5-b196-3075-8f90-27fa7e45d92b,Technosphere Flows,CUTOFF Flows,"Electricity, hydropower, at power plant, unspecified",,MJ,,,,,,,,,,
6e9f8d2d-5ce1-3e64-8130-5ec0b62ca7d1,Technosphere Flows,CUTOFF Flows,"Electricity, other fuels, unspecified, at power plant",,MJ,,,,,,,,,,
7b8d7c56-1021-37b6-be2c-3c92d8b9f026,Technosphere Flows,CUTOFF Flows,"Electricity, other gases, unspecified,  at power plant",,MJ,,,,,,,,,,
b31ba1d1-fb4b-3b9e-96c2-1e042fec4e84,Technosphere Flows,CUTOFF Flows,"Electricity, petroleum coke, at power plant",,MJ,,,,,,,,,,
2e5ad224-751f-3379-8b19-1d533cf2b09c,Technosphere Flows,CUTOFF Flows,"Electricity, solar, unspecified, at power plant",,MJ,,,,,,,,,,
423e3050-f49a-303a-88a8-1ac428418f9c,emission,air,Ethane,,kg,,,,,,,,,,0.280646154
7b2a26ef-86ec-39e1-82e6-016b31800e2b,emission,air,Ethylbenzene,,kg,,,,0.028375653,,3.34258E-07,5.49895E-09,,,3.037769231
6c82f4d1-4fa8-3b7e-816d-c4153c0eba6d,emission,water,Ethylbenzene,,kg,,,,174.8943287,,4.73175E-08,3.7253E-08,,,
3378c02d-6828-36dc-a9fe-9948b59a8bd6,emission,air,Ethylene,,kg,,,,,,,,,,8.995025641
3406549e-cf97-3fec-b0bb-07506f38dfc4,emission,water,Ethylene,,kg,,,,,,,,,,
a8ead97e-1f5f-3c0c-aa72-c7b25050864e,emission,air,Ethylene dibromide,,kg,,,,3.48026426,,1.962E-05,1.27185E-07,,,0.101554103
41520962-0f73-3a5a-a396-c1c2d52bb55f,emission,water,Ethylene glycol,,kg,,,,1.384036491,,,1.51945E-08,,,
c89c263a-b0b7-34c9-a27c-d9ebf851c3cc,emission,air,Fluoranthene,,kg,,,,652.6589407,,,1.56759E-07,,,
c5697dcb-8fd3-3046-b499-f34e33495b61,emission,air,Fluorene,,kg,,,,12.27113194,,,6.34037E-08,,,
d83e2d8e-93e4-37c2-be41-b7b7d9f93a11,emission,water,Fluorene,,kg,,,,2825.690059,,,2.72846E-07,,,
382c434b-4131-3cb7-8c90-c3afc262ac23,emission,water,"Fluorenes, alkylated, unspecified",,kg,,,,,,,,,,
40ba4085-36b8-3564-8552-5d3bd6186f93,emission,air,Fluoride,,kg,,,,,,,,,,
e8a4d121-c284-3073-ba8f-37f9253ff20a,emission,water,Fluoride,,kg,,,,,,,,,,
cf1c6b0f-a688-355e-b222-ebb4a4c163d5,emission,water,Fluorine,,kg,,,,,,,,,,
08a91e70-3ddc-11dd-97f7-0050c2490048,Resource,in ground,Fluorspar,,kg,,,,,,,,,,
a257b8d3-62dd-37ad-b429-73d96c97165c,emission,air,Formaldehyde,,kg,,,,26.80367535,,1.34037E-05,1.71068E-07,,,9.455846154
bf366291-fb38-4901-9c96-16472193b680,Technosphere Flows,CUTOFF Flows,"Fuel gas, produced onsite, at cracker, m3",,m3,,,,,,,,,,
e8b8cad5-6cb4-3c94-b181-51b1546decd6,emission,air,Furan,,kg,,,,0.002555711,,3.20913E-05,3.57888E-06,,,9.149615385
efaa5e7d-6efa-398d-95b4-7d24be488715,ground,subterranean,Gravel,,kg,,,,,,,,,,
76cf7898-8461-3265-a3a4-14dd2682779e,emission,air,HCFC-22,,kg,,,,,1810,,9.18665E-09,,0.05,
9a2c8196-dc6a-3ee0-868d-4278ac51a46f,emission,air,Heptane,,kg,,,,1.01362E-05,,,,,,1.074415385
5b9ac6e8-5db3-3abf-9074-d12787ae5974,emission,water,Hexacosane,,kg,,,,,,,,,,
b6546ff7-0bf9-3866-8335-01aa38b3e8b0,emission,water,Hexadecane,,kg,,,,,,,,,,
7955b6e2-3ae6-315c-94f1-028d7faada34,emission,air,Hexane,,kg,,,,0.000135016,,9.92953E-10,1.35113E-07,,,1.24385641
3bbc78d0-08c4-48ef-a863-704e32fddcb3,Emission to air,high population density,Hexane,,kg,,,,,,,,,,
583cfbf3-e4c8-38da-827b-2aced8123a8f,emission,water,Hexanoic acid,,kg,,,,58.01337728,,,,,,
6a8ca31c-ede5-38b1-8c30-2d50fb499a55,emission,air,Hydrocarbons,,kg,,,,,,,,,,
42983b7d-3999-3fa9-b172-a0fc678236fe,emission,water,Hydrocarbons,,kg,,,,,,,,,,
8b5d5c1d-c786-4367-94f0-fae42cd3ac0a,Emission to air,high population density,"Hydrocarbons, aromatic",,kg,,,,,,,,,,
e2230ed6-8d5e-3315-8bc9-ce337d1283ce,emission,air,Hydrochloric acid,,kg,,0.88,,,,,,,,
1c288388-0f32-30f1-8267-19b8d72c80df,emission,air,Hydrofluoric acid,,kg,,1.6,,,,,,,,
93995ef3-e3d2-37a6-a6ab-67636a2f12a3,emission,air,Hydrofluorocarbons,,kg,,,,,,,,,,
1aaa4326-5c2e-31c5-be81-f856b4e424b1,emission,air,Hydrogen,,MJ,,,,,,,,,,
8e906def-6bd5-4248-ac2b-94e6eedde3c9,Emission to air,high population density,Hydrogen,,kg,,,,,,,,,,
afcbd980-14c2-4e1d-a0aa-5f6464e5c76b,Emission to air,high population density,Hydrogen chloride,,kg,,,,,,,,,,
08351d0e-94b3-3bc8-a9a6-9afcd5e10999,Emission to air,"low population density, long-term",Hydrogen cyanide,,kg,,,,,,,,,,
257eacb9-96fe-4a3d-961a-f5e6c7823ff0,Emission to air,high population density,Hydrogen fluoride,,kg,,,,,,,,,,
f8cbcd43-8201-3b05-b19a-82d305414af4,emission,air,Hydrogen sulfide,,kg,,1.88,,,,,,,,
e962ef47-cedd-36b6-b962-abacbab62a02,emission,air,"Indeno[1,2,3-cd]pyrene",,kg,,,,,,,,,,
2b61d376-c8c2-31ae-9c19-9b8b958c74dd,emission,water,Iron,,kg,,,,,,,,,,
63e7d74e-8549-11e0-9d78-0800200c9a66,Emission to water,unspecified,Iron,,kg,,,,,,,,,,
290d9a3e-ae36-3c36-b755-8bbf90c17054,Resource,ground,Iron,,kg,,,,,,,,,,
515e9797-af84-335a-a30f-a48f9a9e2ed7,emission,air,Isobutane,,kg,,,,,,,,,,1.230015385
feb8a91d-fa3f-3660-bfc2-75471003288d,urban,low,Isobutene,,kg,,,,,,6.75241E-09,,,,6.292948718
9aa7fac7-87ac-35ac-9cfb-639180846bee,emission,air,Isophorone,,kg,,,,0.264224661,,9.34334E-09,6.00415E-09,,,4.625282051
f04bdc59-0f29-3c7f-956c-53b0003b37e7,emission,water,Isoprene,,kg,,,,20.20783636,,6.83576E-08,,,,
222a86c7-0134-3761-8eeb-a5c8a2947ca6,emission,air,Isopropanol,,kg,,,,0.079959435,,,,,,0.614205128
35b5c1c9-2910-3597-9c29-835fe31bc726,emission,air,Kerosene,,kg,,,,,,,,,,1.618594872
74291898-f3b6-4823-92d5-e966bc4d4f9c,Technosphere Flows,CUTOFF Flows,"Landfill gas, at cracker, m3",,m3,,,,,,,,,,
fe829136-3042-36e6-b4cb-7ff591e8db98,emission,air,Lead,,kg,,,,174.8632489,,2.69221E-05,0.009444225,,,
f8204689-71e9-3275-85f4-66c4112e5511,emission,water,Lead,,kg,,,,374.7120873,,3.41625E-07,0.000119841,,,
2a73815a-9774-35ed-a8fa-6952fa17a3e0,Resource,unspecified,"Lead, Pb 3.6E-1%, in mixed ore",,kg,,,,,,,,,,
5c8aca95-6eb3-3b26-83d0-838936066653,emission,water,Lead-210,,kBq,,,,,,,,,,
bf9a98d7-16de-3777-b21d-ee9edc177ca0,ground,subterranean,Limestone,,kg,,,,,,,,,,
1f62b25d-4dcb-3f81-8273-65dbbda19bac,emission,water,Lithium(I),,kg,,,,,,,,,,
a975efda-5fb3-38a9-8d3f-212606aa853f,emission,water,m-Xylene,,kg,,,,293.3776396,,,,,,
38b7760e-42fa-3d33-b91c-67d348d99097,emission,air,Magnesium,,kg,,,,,,,,,,
1345e5a3-e4c5-3cc1-b896-988ae1796d8e,emission,water,Magnesium,,kg,,,,,,,,,,
fe0acd60-3ddc-11dd-aac3-0050c2490048,Resource,in ground,Magnesium,,kg,,,,,,,,,,
9a474c27-63f9-3d0d-a74c-465fd97400e7,emission,air,Manganese,,kg,,,,,,,,,,
8f023abc-b8fc-3ef7-9571-f4cf6c2b6820,emission,water,Manganese,,kg,,,,,,,,,,
8122f9fb-a740-3bb7-bb66-f3f64059629d,emission,air,Mercaptans,,kg,,,,,,,,,,
e2c65e04-f613-33db-9a6e-4cb4577b0005,emission,air,Mercury,,kg,,,,12181.60116,,0.007055296,0.834928256,,,
687b7004-d26d-3dfc-b8f2-81e092bc4bca,emission,water,Mercury,,kg,,,,22085.57778,,0.00012008,0.014214357,,,
19f60b63-b5d8-3689-835a-79ac8fd7f367,Waste,unspecified,Metal waste,,kg,,,,,,,,,,
4f816627-5cda-37b6-bc78-a6ee1ae4b089,emission,air,Metals,,kg,,,,,,,,,,
744039f7-9641-399c-9f9e-e4a78eab355b,emission,water,Metals,,kg,,,,,,,,,,
aab83476-ec6c-3742-af85-15d320b7ce80,emission,air,Methane,,kg,,,,,25,,,,,0.014379487
77dbd17a-5dac-4f22-a84c-1c4ca85af978,Emission to air,high population density,Methane,,kg,,,,,,,,,,
ad362da4-86b8-3519-b904-d7f3be4328fe,emission,air,Methanol,,kg,,,,0.223958111,,,1.02297E-08,,,0.672335897
18281313-4dde-31e9-a1ac-c210254d7130,emission,air,Methyl bromide,,kg,,,,11.64402781,5,,9.55442E-05,,0.51,0.018715641
086497a9-ac6e-3e3f-9b16-d980cc0bb381,emission,air,Methyl ethyl ketone,,kg,,,,0.057705899,,,9.03046E-10,,,1.481325641
bf688e2e-ac31-3441-b17c-c8ab06c188c6,emission,water,Methyl ethyl ketone,,kg,,,,1.57067261,,,7.56814E-09,,,
f0267c81-ff66-36f6-ba35-11b522316310,emission,air,Methyl hydrazine,,kg,,,,51.33309364,,2.80568E-06,,,,
da9d5cb9-ad52-3bca-99a9-650145f9cab5,emission,water,Methyl isobutyl ketone,,kg,,,,6.025672019,,,1.92493E-09,,,
02f393d6-bc1c-370e-9144-a022ddca1d0a,emission,air,Methyl methacrylate,,kg,,,,0.013840458,,,9.62137E-07,,,15.60846154
806ce2b4-1a8c-3844-8372-dd0fa3797c21,emission,air,Methyl tert-butyl ether,,kg,,,,0.027311858,,6.39837E-08,1.07318E-08,,,0.734448718
f9fd0074-f765-3f38-a150-2ca0a82c37be,emission,air,Methylene chloride,,kg,,,,0.096964874,8.7,6.66565E-08,7.7984E-07,,,0.041429231
3dd138a5-bd77-3ae5-baf5-1c53acabb4b8,Waste,unspecified,Mineral waste,,kg,,,,,,,,,,
f95a65ae-f63c-39be-a86a-cb9b547b781b,emission,water,Molybdenum,,kg,,,,293.7594298,,,7.66184E-05,,,
ebf3aeb4-7a46-3029-a8f8-83d68f4d4ce5,emission,air,Naphthalene,,kg,,,,1.614598038,,6.35108E-07,8.73739E-07,,,3.344487179
6db1dc8d-facf-347f-9885-53936a44286b,emission,water,Naphthalene,,kg,,,,1867.695285,,1.03658E-06,3.01798E-07,,,
29212dbf-5c92-3200-aebd-52f80075b202,emission,water,"Naphthalenes, alkylated, unspecified",,kg,,,,,,,,,,
ad1bd08b-d640-3605-803e-988d109197e0,air,subterranean,Natural gas,,MJ,,,,,,,,,,
50f56ea3-e292-3c09-89d2-74466af5f11e,emission,air,Nickel,,kg,,,,6109.772661,,5.17611E-05,2.91276E-06,,,
5a0f4337-3cdb-3484-84b4-67f1f5d0c113,emission,water,Nickel,,kg,,,,14879.59311,,3.82737E-05,2.15378E-06,,,
e43a270f-4f88-4789-a0b8-7aba56677743,Emission to air,high population density,Nickel,,kg,,,,,,,,,,
63e7fe55-8549-11e0-9d78-0800200c9a66,Emission to water,unspecified,Nickel,,kg,,,,,,,,,,
d4625608-6ef8-3ce6-bfa4-0f96f3535e23,emission,water,Nitrogen,,kg,,,0.9864,,,,,,,
dcae4add-1efb-4af1-8e83-899703bcf64f,Emission to air,high population density,Nitrogen,,kg,,,,,,,,,,
dcfe0815-6fa3-4e1d-a55e-155b29904f1d,Emission to water,unspecified,Nitrogen,,kg,,,,,,,,,,
e0b92d26-4203-3ae4-aa2d-db74fab4711b,Resource,air,Nitrogen,,kg,,,,,,,,,,
a742c00e-7148-3f99-9ecc-16bb46bd2f4f,emission,air,Nitrogen dioxide,,kg,,0.7,0.04429,,,,,0.007222222,,16.84533333
d9945575-a965-4bf3-9cd7-584263172abd,Emission to air,high population density,Nitrogen dioxide,,kg,,,,,,,,,,
4382ba18-dd21-3837-80b2-94283ef5490e,emission,air,Nitrogen oxides,,kg,,0.7,0.04429,,,,,0.007222222,,24.79358974
887419d2-a15b-3b0e-beb1-d0f98002952f,troposphere,rural,Nitrogen oxides,,kg,,0.7,0.04429,,,,,0.007222222,,24.79358974
bc8e6793-7071-3c12-bac4-bb5adcb44f79,Technosphere Flows,CUTOFF Flows,"Nitrogen, liquid, at plant",,kg,,,,,,,,,,
cfee0524-7ad6-300b-b050-6249135a2492,emission,air,Nitrous oxide,,kg,,,,,298,,,,,
d9a8b343-0d77-4fd1-9ac5-773c41208373,Emission to air,high population density,NMVOC,,kg,,,,,,,,,,
fb778ab4-969f-33ce-9644-862f81ac0a8e,emission,water,o-Cresol,,kg,,,,589.567752,,,2.00221E-07,,,
371dd7d6-178e-37c8-a648-b69256b742e8,emission,water,o-Xylene,,kg,,,,220.7674809,,,,,,
2021cc6c-268d-3e0e-8007-8dec83ac951d,emission,water,Octadecane,,kg,,,,,,,,,,
86382895-8bd4-3a06-8690-741950b7d876,emission,air,Octane,,kg,,,,0.499977087,,,,,,0.898946154
86957ef8-d6c4-3521-a7ef-db7121f6d813,emission,water,"Oil and grease, unspecified",,kg,,,,,,,,,,
39587969-515b-3599-a403-78c461a936eb,emission,water,"Oils, unspecified",,kg,,,,,,,,,,
517e8238-844a-49de-8ae2-039ca1123963,Resource,biotic,Olivine,,kg,,,,,,,,,,
2ceaf954-3f37-390d-a1df-b705f837158f,emission,air,Organic acids,,kg,,,,,,,,,,
1767d662-f96c-38d8-98e4-cc840d9aafd3,emission,air,Organic compounds,,kg,,,,,,,,,,
40d12c27-b777-3c58-9492-094c352bfd99,emission,water,Organic compounds,,kg,,,,,,,,,,
97a0c2f4-6a88-3db0-bd03-777cdd5eb249,emission,water,Orthophosphate,,kg,,,2.38,,,,,,,
e661f08d-3606-3d13-aace-3842ee2cb46a,Emission to air,low population density,Oxygen,,kg,,,,,,,,,,
3c12ea56-b2b0-3fb0-9214-46dc9af0ff0b,Resource,air,Oxygen,,kg,,,,,,,,,,
4455910b-affc-3fe1-a3bb-4e823b5b5794,emission,water,p-Cresol,,kg,,,,1102.548096,,,,,,
d221cc8c-6727-32a7-a21a-19e92766ba4e,emission,water,p-Cymene,,kg,,,,316.1135102,,,,,,
8e880bf8-6567-3247-afb3-52a7b6c8ab5a,emission,water,p-Xylene,,kg,,,,266.3895333,,,,,,
5d740c43-ad82-30f6-a434-445b9766f277,Waste,unspecified,"Packaging waste, paper and board",,kg,,,,,,,,,,
0418b561-ecf8-33c8-9c81-225789f15bd3,emission,air,Particulate matter,,kg,,,,,,,,,,
4ef93178-f74c-3bb3-af35-313d9712ce0a,troposphere,rural,Particulate matter,,kg,,,,,,,,,,
a320e284-d276-3167-89b3-19d790081c08,emission,air,"Particulate matter, > 2.5?m and ? 10?m",,kg,,,,,,,,0.227777778,,
5a939c2b-cebf-3060-8862-4a8650caf6dd,emission,air,"Particulate matter, ? 10?m",,kg,,,,,,,,,,
49a9c581-7c83-36b0-b1bd-455ea4c665a6,emission,air,"Particulate matter, ? 2.5?m",,kg,,,,,,,,1,,
6c7402f5-173f-358a-8724-db60071b5091,emission,air,Pentane,,kg,,,,0.010018139,,,,,,1.312930769
c92226bf-aad5-3de0-808c-b01975bae521,emission,water,"Pentanone, methyl-",,kg,,,,,,,,,,
12ae4a71-1402-36e9-ada8-fe6cb98c56ee,emission,air,Phenanthrene,,kg,,,,115.0170073,,,,,,
f4d494d1-6e82-3f63-a2d5-610f40dc08b4,emission,water,Phenanthrene,,kg,,,,16489.92773,,,,,,
08e63ddf-e187-31d8-8acd-47ba881b2812,emission,water,"Phenanthrenes, alkylated, unspecified",,kg,,,,,,,,,,
45880be9-788f-387b-8b1b-c38615cc48e2,emission,air,Phenol,,kg,,,,19.60225162,,,4.86496E-08,,,2.756487179
82fcc18d-8502-385b-8749-17b8f19fd177,emission,water,Phenol,,kg,,,,933.0530804,,,1.44523E-07,,,
48b51613-f8fc-326e-8cae-bc6394e237c8,emission,air,Phenols,,kg,,,,,,,,,,
12812f0a-dd3e-3a55-b1fc-9fc7d5ea994f,emission,water,Phenols,,kg,,,,,,,,,,
51ebde71-b96d-32e0-a8e3-d57f5e7f97fb,urban,ground-level,Phenyl ether,,kg,,,,8.333778792,,,,,,
1ab24e9c-18f9-3aeb-a968-d1c6f25a1ef4,Resource,ground,Phosphate ore,,kg,,,,,,,,,,
1733622b-b54a-3202-8e58-4670a96ef6b3,emission,water,Phosphorus,,kg,,,7.29,,,,,,,
419eda5b-e24d-3698-8d8a-ec9f79cacf0f,Waste,unspecified,Plastic waste,,kg,,,,,,,,,,
3bf6bb55-a2d2-36a1-988c-3caf0d73baf9,emission,air,Polycyclic aromatic hydrocarbons,,kg,,,,,,,,,,
c19325cf-8ba0-34b3-b560-7e2db346d382,emission,air,Polycyclic organic matter,,kg,,,,,,,,,,
d7561431-fe1f-3854-862b-a3d2840d39e1,emission,air,Propane,,kg,,,,,,,,,,0.489458974
592fa548-20aa-36e9-b703-68be0ff6f30a,emission,air,Propionaldehyde,,kg,,,,0.382028044,,,,,,7.081051282
2014edbf-fd15-3674-8927-701264cb597f,emission,air,Propylene,,kg,,,,,,,,,,11.66471795
2d6ad8a3-2e52-39c0-ba55-d9ad379705cb,emission,water,Propylene glycol,,kg,,,,0.922809022,,,,,,
4925db0d-7f56-3efa-ada9-eb799c3edd5b,emission,air,Propylene oxide,,kg,,,,1.303331161,,2.65461E-07,4.89476E-06,,,0.293989744
b51b5cbd-b0cb-3104-b03b-4fbc12829a9e,emission,air,Pyrene,,kg,,,,4294.248863,,,1.48969E-07,,,
190624ea-8ca6-383c-aeb4-8efa942b544f,emission,air,Radionuclides,,kBq,,,,,,,,,,
cf99fc3b-5c94-31ca-a16b-c6c1f48b5054,emission,water,Radionuclides,,kBq,,,,,,,,,,
444176fb-329e-3745-91e5-e2aefd718b28,emission,air,Radionuclides (Including Radon),,kg,,,,,,,,,,
643aef04-de1f-3c91-a4d8-71f164dbe30f,emission,water,Radium-226,,kBq,,,,,,,,,,
02ee8bfe-ea2c-3dfd-944d-53bd8c43a42a,emission,water,Radium-228,,kBq,,,,,,,,,,
ba9e55fd-c5a6-41ef-9488-d6a6ee08f510,Technosphere Flows,CUTOFF Flows,"Recycling, hazardous waste, to recovery",,kg,,,,,,,,,,
8191e38b-421f-4348-a2e0-29303147f2d1,Technosphere Flows,CUTOFF Flows,"Recycling, solid waste, to recycling or reuse",,kg,,,,,,,,,,
838d9e24-cef2-30ca-a31c-38c1e8aaf3b7,ground,subterranean,Sand,,kg,,,,,,,,,,
b6db14bd-73e9-3f02-852a-e8b5e60bbc61,emission,air,Selenium,,kg,,,,2976.965009,,,,,,
215fdef5-4bee-3402-b597-d0ae5c449b3b,emission,water,Selenium,,kg,,,,7324.676499,,,,,,
a4630e3f-a739-3241-ab29-39190b9fa0eb,Resource,unspecified,Shale,,kg,,,,,,,,,,
4020c94c-829f-3e41-be2b-69255638d06b,emission,water,Silicate group,,kg,,,,,,,,,,
f3c908b3-a355-388d-aa06-adbfb8ce12dc,emission,water,Silver,,kg,,,,194088.6647,,,0.000354949,,,
b417665b-91e7-3e73-88df-1bc8e4fe3266,Waste,unspecified,Slags and ashes,,kg,,,,,,,,,,
ba614600-af03-39a6-a0f5-897debdf159c,emission,water,Sodium,,kg,,,,,,,,,,
f6c31640-a78e-4666-b1a1-a3eb174523d2,Resource,unspecified,Sodium chloride,,kg,,,,,,,,,,
81fab966-bdc6-3429-8d8b-3d2bd057f928,emission,water,Sodium(I),,kg,,,,,,,,,,
42904b8f-ac78-3e54-8774-2d117b505a09,emission,water,Strontium,,kg,,,,,,,,,,
69bc8b47-09b5-3a09-b7f4-3e4d2925ce5a,emission,air,Styrene,,kg,,,,0.015515034,,5.11901E-07,1.02383E-07,,,1.732928205
ae949cd2-45b1-39fb-9c52-943019cdba9b,emission,water,Styrene,,kg,,,,185.2223221,,1.29829E-08,6.90556E-09,,,
0c241f3e-aa86-3804-8bd8-6082e2ad201f,emission,water,Sulfate,,kg,,,,,,,,,,
caa29242-717c-37bd-b57b-de22a122d579,emission,water,Sulfide,,kg,,,,,,,,,,
40909f94-a484-353e-9a4b-4ec6a1fb966f,emission,water,Sulfur,,kg,,,,,,,,,,
a2bb0239-156c-43d3-a41c-b5b4140785ec,Resource,unspecified,Sulfur,,kg,,,,,,,,,,
f4973035-59f5-3bdc-b257-b274dcc04e0f,emission,air,Sulfur dioxide,,kg,,1,,,,,,0.061111111,,
8c52f40c-69b7-4538-8923-b371523c71f5,Emission to air,high population density,Sulfur dioxide,,kg,,,,,,,,,,
42e4c3cb-8468-3004-bd4b-19e6cbb81687,emission,air,Sulfur oxides,,kg,,1,,,,,,,,
ed34465d-dcb1-3926-a995-ee361882cb1e,emission,water,Surfactants,,kg,,,,,,,,,,
f0c2682e-2a68-33f1-80bb-005ee7844eb0,emission,water,"Suspended solids, inorganic",,kg,,,,,,,,,,
22b4fc7f-687e-3a50-b586-5d7b2b25e627,Waste,unspecified,"Tailings, unspecified",,kg,,,,,,,,,,
984f3962-1a35-3813-bbf1-e3887be06b6f,emission,air,Tetrachloroethylene,,kg,,,,0.723338789,,3.25926E-07,1.23141E-06,,,0.030845128
670a7e81-4e50-3ee6-9a86-3e31d4f05778,emission,water,Tetradecane,,kg,,,,,,,,,,
6051a1f6-90e3-3231-b4e6-fdd69c961129,emission,water,Thallium,,kg,,,,35389.40773,,,0.001784951,,,
e169f5f8-18bf-33b2-94d6-7c95d5a83259,emission,water,Tin,,kg,,,,2978.232971,,,,,,
0f2dc726-d62a-3a67-bf97-af90ef81af0a,emission,water,Titanium,,kg,,,,,,,,,,
cec4a04d-562a-4a38-a98f-5fb3d07eea6b,Emission to water,unspecified,"TOC, Total Organic Carbon",,kg,,,,,,,,,,
3f72fe9c-b003-38ee-b8d2-13a84f60506c,emission,air,Toluene,,kg,,,,0.012773923,,3.17693E-12,5.30459E-08,,,4.004717949
f7ebc6df-b3ee-30de-b6e8-c70e155854b3,emission,water,Toluene,,kg,,,,55.92445707,,3.28797E-09,1.78382E-08,,,
39946c56-cdf6-4a22-9ac9-1cd333b65533,Emission to air,high population density,Toluene,,kg,,,,,,,,,,
61a45604-2ff4-384b-8d90-bae7206c2540,emission,water,Total dissolved solids,,kg,,,,,,,,,,
2f1ba44b-e661-3677-81dd-ff0086adf2fe,emission,air,Total Organic Carbon,,kg,,,,,,,,,,
cbf6df8e-c4a2-3920-a97a-2238ccb7bc6c,emission,water,Total Organic Carbon,,kg,,,,,,,,,,
5ad60ebf-0454-3157-ba57-5e989b8bbbfe,Technosphere Flows,CUTOFF Flows,"Transport, pipeline, coal slurry",,t*km,,,,,,,,,,
53effec4-058b-3ab7-b7d5-005d39dd0eb9,emission,air,Tribromomethane,,kg,,,,3.898262721,,5.65694E-08,4.54043E-07,,,
94f485ec-4c91-3a41-9164-7af3d249d316,ground,subterranean,Uranium,,kg,,,,,,,,,,
17f224af-6c5a-39df-892e-ea4c10be928a,Resource,ground,Uranium oxide,,MJ,,,,,,,,,,
f5d6980f-0bab-38e7-a203-95da64eb6091,emission,water,Vanadium,,kg,,,,112885.9751,,,0.000194386,,,
ca50de59-971c-3414-8f6b-3a1b0062aba8,emission,air,Vinyl acetate,,kg,,,,0.068733881,,1.21096E-08,3.98094E-07,,,3.198025641
6f861846-1c4c-3fc9-a198-56b2d9abd83b,emission,air,Volatile organic compounds,,kg,,,,,,,,,,3.595358974
2f3242cd-2f6b-38ae-9e23-f75559aa000a,Waste,unspecified,Waste to recycling,,kg,,,,,,,,,,
fd265cb4-b88a-3aa8-9b63-c338f1894c31,Waste,unspecified,"Waste, from incinerator",,kg,,,,,,,,,,
5d4e2a94-98a6-352c-bb33-54d7257bf2a6,Waste,unspecified,"Waste, industrial",,kg,,,,,,,,,,
e2eb491c-78ff-3123-9e42-494c7d199b44,Resource,water,Water,,kg,,,,,,,,,,
fe0acd60-3ddc-11dd-ac06-0050c2490048,Emission to air,high population density,Water vapour,,kg,,,,,,,,,,
8ba7dd57-b502-397b-944a-f63c6615f754,Resource,water,"Water, fresh",,kg,,,,,,,,,,
15ae10d6-c0de-367c-9261-b686f723bb01,Resource,in water,"Water, groundwater consumption",,kg,,,,,,,,,,
b89103a6-91b2-3701-b3ea-af50f7ad0547,Resource,biotic,Wood,,kg,,,,,,,,,,
f99ba19c-1f18-3c01-8b48-5986ed108a77,Waste,unspecified,Wood waste,,kg,,,,,,,,,,
aef9d0ff-6482-3b1d-a53e-4d738bdcd9b1,emission,air,Xylene,,kg,,,,0.010646068,,4.75107E-09,1.10489E-07,,,7.764282051
11b4481a-d297-349a-89fc-102009c1410c,emission,water,Xylene,,kg,,,,77.43346254,,3.87817E-09,1.56517E-08,,,
5f38d379-fe5b-354c-83b3-cba734266e82,emission,water,Yttrium,,kg,,,,,,,,,,
435bfa52-d2d3-3760-abf4-27de892972ac,emission,air,Zinc,,kg,,,,16778.41789,,,0.0155956,,,
41f104ab-8f49-3924-9b57-98ed81cd54a0,emission,water,Zinc,,kg,,,,38584.58479,,,0.00128139,,,
f65de94f-7473-4d05-92d1-e9885bec19a5,Resource,biotic,"Zinc, Zn 3.1%, in mixed ore",,kg,,,,,,,,,,